Postal_Code,Place_Name,Province,Province_abbr,Latitude,Longitude
T0A,Eastern Alberta (St. Paul),Alberta,AB,54.766,-111.7174
T0B,Wainwright Region (Tofield),Alberta,AB,53.0727,-111.5816
T0C,Central Alberta (Stettler),Alberta,AB,52.1431,-111.6941
T0E,Western Alberta (Jasper),Alberta,AB,53.6758,-115.0948
T0G,North Central Alberta (Slave Lake),Alberta,AB,55.6993,-114.4529
T0H,Northwestern Alberta (High Level),Alberta,AB,57.5403,-116.9153
T0J,Southeastern Alberta (Drumheller),Alberta,AB,50.9944,-111.4632
T0K,International Border Region (Cardston),Alberta,AB,49.4721,-112.2408
T0L,Kananaskis Country (Claresholm),Alberta,AB,50.6314,-114.4089
T0M,Central Foothills (Sundre),Alberta,AB,51.9552,-114.8691
T0P,Northeastern Alberta (Fort Chipewyan),Alberta,AB,58.2626,-110.7467
T0V,Remote Northeast (Fitzgerald),Alberta,AB,59.9049,-111.6717
T1A,Medicine Hat Central,Alberta,AB,50.0816,-110.5788
T1B,Medicine Hat South,Alberta,AB,49.835,-110.5203
T1C,Medicine Hat North,Alberta,AB,50.0774,-110.6911
T1G,Taber,Alberta,AB,49.787,-112.146
T1H,Lethbridge North,Alberta,AB,49.7,-112.8186
T1J,Lethbridge West and Central,Alberta,AB,49.6581,-112.7484
T1K,Lethbridge Southeast,Alberta,AB,49.6511,-112.8351
T1L,Banff,Alberta,AB,51.1762,-115.5698
T1M,Coaldale,Alberta,AB,49.7167,-112.6185
T1P,Strathmore,Alberta,AB,51.0501,-113.3852
T1R,Brooks,Alberta,AB,50.5834,-111.8851
T1S,Okotoks,Alberta,AB,50.7362,-113.9695
T1V,High River,Alberta,AB,50.5834,-113.8687
T1W,Canmore,Alberta,AB,51.0876,-115.3461
T1X,Chestermere,Alberta,AB,51.0334,-113.8187
T1Y,Calgary (Rundle / Whitehorn / Monterey Park),Alberta,AB,51.0823,-113.9578
T1Z,Rocky View,Alberta,AB,51.1834,-113.9353
T2A,Calgary (Penbrooke Meadows / Marlborough),Alberta,AB,51.0494,-113.9564
T2B,Calgary (Forest Lawn / Dover / Erin Woods),Alberta,AB,51.0209,-113.981
T2C,Calgary (Lynnwood Ridge / Ogden / Foothills Industrial / Great Plains),Alberta,AB,50.987,-113.9634
T2E,Calgary (Bridgeland / Greenview / Zoo / YYC),Alberta,AB,51.0876,-114.0214
T2G,Calgary (Inglewood / Burnsland / Chinatown / East Victoria Park / Saddledome),Alberta,AB,51.0272,-114.0349
T2H,Calgary (Highfield / Burns Industrial),Alberta,AB,50.9894,-114.052
T2J,Calgary (Queensland Downs / Lake Bonavista / Willow Park / Acadia),Alberta,AB,50.8476,-114.1958
T2K,Calgary (Thornecliffe / Tuxedo),Alberta,AB,51.1111,-114.0477
T2L,Calgary (Brentwood / Collingwood / Nose Hill),Alberta,AB,51.1047,-114.1148
T2M,Calgary (Mount Pleasant / Capitol Hill / Banff Trail),Alberta,AB,51.133,-113.856
T2N,Calgary (Kensington / Westmont / Parkdale / University),Alberta,AB,51.0621,-114.1159
T2P,Calgary (City Centre / Calgary Tower),Alberta,AB,51.0708,-113.6931
T2R,Calgary (Connaught / West Victoria Park),Alberta,AB,51.0412,-114.0762
T2S,Calgary (Elbow Park / Britannia / Parkhill / Mission),Alberta,AB,51.0233,-114.071
T2T,Calgary South (Altadore / Bankview / Richmond),Alberta,AB,51.0242,-114.1004
T2V,Calgary (Oak Ridge / Haysboro / Kingsland / Windsor Park),Alberta,AB,50.9819,-114.1004
T2W,Calgary (Braeside / Woodbine),Alberta,AB,50.9514,-114.3591
T2X,Calgary (Midnapore / Sundance),Alberta,AB,50.8837,-114.0326
T2Y,Calgary (Millrise / Somerset / Bridlewood / Evergreen),Alberta,AB,50.9093,-114.1028
T2Z,Calgary (Douglas Glen / McKenzie Lake / Copperfield / East Shepard),Alberta,AB,50.9278,-113.9682
T3A,Calgary (Dalhousie / Edgemont / Hamptons / Hidden Valley),Alberta,AB,51.1264,-114.1419
T3B,Calgary (Montgomery / Bowness / Silver Springs / Greenwood),Alberta,AB,51.0915,-114.2073
T3C,Calgary (Rosscarrock / Wildwood / Shaganappi / Sunalta),Alberta,AB,51.0497,-114.1394
T3E,Calgary (Lakeview / Glendale / Killarney / Glamorgan),Alberta,AB,50.9899,-114.1574
T3G,Calgary (Hawkwood / Arbour Lake / Royal Oak / Rocky Ridge),Alberta,AB,51.1387,-114.2015
T3H,Calgary (Discovery Ridge / Signal Hill / Aspen Woods / Patterson / Cougar Ridge),Alberta,AB,51.0419,-114.2
T3J,Calgary (Martindale / Taradale / Falconridge / Saddle Ridge),Alberta,AB,51.1188,-113.9471
T3K,Calgary (Sandstone / Harvest Hills / Coventry Hills / Panorama Hills / Beddington),Alberta,AB,51.1563,-114.0572
T3L,Calgary (Tuscany / Scenic Acres),Alberta,AB,51.1467,-114.3133
T3M,Calgary (Cranston),Alberta,AB,50.8796,-113.9555
T3N,Calgary Northeast,Alberta,AB,51.1626,-113.9537
T3P,Calgary (Symons Valley),Alberta,AB,51.2074,-114.1348
T3R,Calgary Northwest,Alberta,AB,51.2021,-114.2453
T3S,Calgary,Alberta,AB,50.9153,-113.8932
T3Z,Redwood Meadows,Alberta,AB,51.0691,-114.4727
T4A,Airdrie East,Alberta,AB,51.2799,-113.988
T4B,Airdrie West,Alberta,AB,51.3082,-114.0398
T4C,Cochrane,Alberta,AB,51.1834,-114.4687
T4E,Red Deer County,Alberta,AB,52.2765,-113.7063
T4G,Innisfail,Alberta,AB,52.0269,-113.9507
T4H,Olds,Alberta,AB,51.7834,-114.102
T4J,Ponoka,Alberta,AB,52.6768,-113.5815
T4L,Lacombe,Alberta,AB,52.4668,-113.7353
T4M,Blackfalds,Alberta,AB,52.3834,-113.7853
T4N,Red Deer Central,Alberta,AB,52.2316,-113.8358
T4P,Red Deer North,Alberta,AB,52.2954,-113.8073
T4R,Red Deer South,Alberta,AB,52.2424,-113.7784
T4S,Sylvan Lake,Alberta,AB,52.3168,-114.0853
T4T,Rocky Mountain House,Alberta,AB,52.3668,-114.9188
T4V,Camrose,Alberta,AB,53.0168,-112.8353
T4X,Beaumont,Alberta,AB,53.3501,-113.4187
T5A,Edmonton (West Clareview / East Londonderry),Alberta,AB,53.5931,-113.4077
T5B,Edmonton (East North Central / West Beverly),Alberta,AB,53.7353,-113.3369
T5C,Edmonton (Central Londonderry),Alberta,AB,53.5996,-113.4549
T5E,Edmonton (West Londonderry / East Calder),Alberta,AB,53.7454,-113.4465
T5G,Edmonton (North Central / Queen Mary Park / YXD),Alberta,AB,53.5705,-113.5051
T5H,Edmonton (North and East Downtown Fringe),Alberta,AB,53.5514,-113.4916
T5J,Edmonton (North Downtown),Alberta,AB,53.5428,-113.4974
T5K,Edmonton (South Downtown / South Downtown Fringe),Alberta,AB,53.5366,-113.5103
T5L,Edmonton (North Westmount / West Calder / East Mistatim),Alberta,AB,53.585,-113.5526
T5M,Edmonton (South Westmount / Groat Estate / East Northwest Industrial),Alberta,AB,53.563,-113.5662
T5N,Edmonton (Glenora / SW Downtown Fringe),Alberta,AB,53.5436,-113.5574
T5P,Edmonton (North Jasper Place),Alberta,AB,53.5463,-113.5957
T5R,Edmonton (Central Jasper Place / Buena Vista),Alberta,AB,53.5181,-113.5797
T5S,Edmonton (West Northwest Industrial / Winterburn),Alberta,AB,53.5634,-113.6697
T5T,Edmonton West (West Jasper Place / West Edmonton Mall),Alberta,AB,53.5185,-113.6579
T5V,Edmonton (Central Mistatim),Alberta,AB,53.5848,-113.6224
T5W,Edmonton (Central Beverly),Alberta,AB,53.5645,-113.4022
T5X,Edmonton (East Castledowns),Alberta,AB,53.6313,-113.5245
T5Y,Edmonton (Landbank / Oliver / East Lake District),Alberta,AB,53.6585,-113.3614
T5Z,Edmonton (West Lake District),Alberta,AB,53.6365,-113.4673
T6A,Edmonton (North Capilano),Alberta,AB,53.5482,-113.4318
T6B,Edmonton (SE Capilano / West Southeast Industrial / East Bonnie Doon),Alberta,AB,53.5128,-113.4194
T6C,Edmonton (Central Bonnie Doon),Alberta,AB,53.522,-113.459
T6E,Edmonton (South Bonnie Doon / East University),Alberta,AB,53.4914,-113.4802
T6G,Edmonton (West University / Strathcona Place),Alberta,AB,53.521,-113.5324
T6H,Edmonton (Southgate / North Riverbend),Alberta,AB,53.3753,-113.4585
T6J,Edmonton (Kaskitayo),Alberta,AB,53.4564,-113.521
T6K,Edmonton (West Mill Woods),Alberta,AB,53.4609,-113.4519
T6L,Edmonton (East Mill Woods),Alberta,AB,53.4593,-113.4145
T6M,Edmonton Southwest,Alberta,AB,53.4593,-113.6546
T6N,Edmonton (South Industrial),Alberta,AB,53.465,-113.4776
T6P,Edmonton (East Southeast Industrial / South Clover Bar),Alberta,AB,53.5078,-113.3723
T6R,Edmonton (Riverbend),Alberta,AB,53.4567,-113.5801
T6S,Edmonton (North Clover Bar),Alberta,AB,53.5806,-113.3374
T6T,Edmonton (Meadows),Alberta,AB,53.4617,-113.371
T6V,Edmonton (West Castledowns),Alberta,AB,53.6112,-113.5746
T6W,Edmonton (Heritage Valley),Alberta,AB,53.4179,-113.5785
T6X,Edmonton (Ellerslie),Alberta,AB,53.4154,-113.4178
T7A,Drayton Valley,Alberta,AB,53.2168,-114.9854
T7E,Edson,Alberta,AB,53.5834,-116.4356
T7N,Barrhead,Alberta,AB,54.1334,-114.4021
T7P,Westlock,Alberta,AB,54.1502,-113.8688
T7S,Whitecourt,Alberta,AB,54.1501,-115.6855
T7V,Hinton,Alberta,AB,53.4001,-117.5857
T7X,Spruce Grove North,Alberta,AB,53.5334,-113.9187
T7Y,Spruce Grove South,Alberta,AB,53.4184,-113.8097
T7Z,Stony Plain,Alberta,AB,53.5334,-114.0021
T8A,Sherwood Park West,Alberta,AB,53.528,-113.2512
T8B,Sherwood Park Outer Southwest,Alberta,AB,53.4397,-113.2952
T8C,Sherwood Park Inner Southwest,Alberta,AB,53.4391,-113.1903
T8E,Sherwood Park Central,Alberta,AB,53.5225,-113.1022
T8G,Sherwood Park East,Alberta,AB,53.5052,-112.9529
T8H,Sherwood Park Northwest,Alberta,AB,53.556,-113.2952
T8L,Fort Saskatchewan,Alberta,AB,53.7168,-113.2187
T8N,St. Albert,Alberta,AB,53.6334,-113.6353
T8R,Morinville,Alberta,AB,53.8001,-113.652
T8S,Peace River,Alberta,AB,56.2501,-117.286
T8T,St. Albert,Alberta,AB,53.6867,-113.7102
T8V,Grande Prairie Central,Alberta,AB,55.1808,-118.9103
T8W,Grande Prairie South,Alberta,AB,55.1303,-118.7946
T8X,Grande Prairie East,Alberta,AB,55.1834,-118.7457
T9A,Wetaskiwin,Alberta,AB,52.9668,-113.3687
T9C,Vegreville,Alberta,AB,53.5001,-112.0518
T9E,Leduc,Alberta,AB,53.2668,-113.552
T9G,Devon,Alberta,AB,53.3668,-113.7353
T9H,Fort McMurray Outer Central,Alberta,AB,56.664,-111.1357
T9J,Fort McMurray Inner Central,Alberta,AB,56.707,-111.3771
T9K,Fort McMurray Northwest,Alberta,AB,56.7538,-111.435
T9M,Cold Lake,Alberta,AB,54.4502,-110.2017
T9N,Bonnyville,Alberta,AB,54.2668,-110.7351
T9S,Athabas,Alberta,AB,54.7169,-113.2854
T9V,Lloydminster,Alberta,AB,53.2717,-110.0853
T9W,Wainwright,Alberta,AB,52.839,-110.8572
T9X,Vermilion,Alberta,AB,53.3669,-110.8517
V5K,Vancouver (North Hastings-Sunrise),British Columbia,BC,49.2807,-123.0397
V5L,Vancouver (North Grandview-Woodlands),British Columbia,BC,49.2795,-123.0667
V5M,Vancouver (South Hastings-Sunrise / North Renfrew-Collingwood),British Columbia,BC,49.26,-123.0398
V5N,Vancouver (South Grandview-Woodlands / NE Kensington),British Columbia,BC,49.2551,-123.0667
V5P,Vancouver (SE Kensington / Victoria-Fraserview),British Columbia,BC,49.222,-123.0683
V5R,Vancouver (South Renfrew-Collingwood),British Columbia,BC,49.2397,-123.0407
V5S,Vancouver (Killarney),British Columbia,BC,49.2175,-123.038
V5T,Vancouver (East Mount Pleasant),British Columbia,BC,49.262,-123.0923
V5V,Vancouver (West Kensington / NE Riley Park-Little Mountain),British Columbia,BC,49.248,-123.0913
V5W,Vancouver (SE Riley Park-Little Mountain / SW Kensington / NE Oakridge / North Sunset),British Columbia,BC,49.2327,-123.0917
V5X,Vancouver (SE Oakridge / East Marpole / South Sunset),British Columbia,BC,49.2156,-123.0979
V5Y,Vancouver (West Mount Pleasant / West Riley Park-Little Mountain),British Columbia,BC,49.2492,-123.1104
V5Z,Vancouver (East Fairview / South Cambie),British Columbia,BC,49.2475,-123.121
V6A,Vancouver (Strathcona / Chinatown / Downtown Eastside),British Columbia,BC,49.2779,-123.0908
V6B,Vancouver (NE Downtown / Harbour Centre / Gastown / Yaletown),British Columbia,BC,49.2788,-123.1139
V6C,Vancouver (Waterfront / Coal Harbour / Canada Place),British Columbia,BC,49.2866,-123.1158
V6E,Vancouver (South West End),British Columbia,BC,49.2833,-123.1298
V6G,Vancouver (North West End / Stanley Park),British Columbia,BC,49.299,-123.1408
V6H,Vancouver (West Fairview / Granville Island / NE Shaughnessy),British Columbia,BC,49.2559,-123.1322
V6J,Vancouver (NW Shaughnessy / East Kitsilano / Quilchena),British Columbia,BC,49.2603,-123.146
V6K,Vancouver (Central Kitsilano),British Columbia,BC,49.2646,-123.1648
V6L,Vancouver (NW Arbutus Ridge),British Columbia,BC,49.2497,-123.166
V6M,Vancouver (South Shaughnessy / NW Oakridge / NE Kerrisdale / SE Arbutus Ridge),British Columbia,BC,49.2344,-123.1451
V6N,Vancouver (Dunbar-Southlands / Musqueam),British Columbia,BC,49.2302,-123.189
V6P,Vancouver (SE Kerrisdale / SW Oakridge / West Marpole),British Columbia,BC,49.2151,-123.1396
V6R,Vancouver (West Kitsilano / Jericho),British Columbia,BC,49.2666,-123.1976
V6S,Vancouver (Chaldecutt / South University Endowment Lands),British Columbia,BC,49.2491,-123.2088
V6T,Vancouver (UBC),British Columbia,BC,49.4635,-122.822
V6Z,Vancouver (SW Downtown),British Columbia,BC,49.2767,-123.13
V7G,North Vancouver Outer East,British Columbia,BC,49.3678,-122.9278
V7H,North Vancouver Inner East,British Columbia,BC,49.3551,-122.9802
V7J,North Vancouver East Central,British Columbia,BC,49.3622,-123.0178
V7K,North Vancouver North Central,British Columbia,BC,49.3597,-123.0377
V7L,North Vancouver South Central,British Columbia,BC,49.316,-123.0576
V7M,North Vancouver Southwest Central,British Columbia,BC,49.3222,-123.0834
V7N,North Vancouver Northwest Central,British Columbia,BC,49.35,-123.0679
V7P,North Vancouver Southwest,British Columbia,BC,49.322,-123.1149
V7R,North Vancouver Northwest,British Columbia,BC,49.3775,-123.0862
V7S,West Vancouver North,British Columbia,BC,49.3745,-123.1864
V7T,West Vancouver Southeast,British Columbia,BC,49.3322,-123.1417
V7V,West Vancouver South,British Columbia,BC,49.3397,-123.1912
V7W,West Vancouver West,British Columbia,BC,49.3615,-123.2627
V7X,Vancouver (Bentall Centre),British Columbia,BC,49.2935,-123.1162
V7Y,Vancouver (Pacific Centre),British Columbia,BC,49.2819,-123.119
V0A,Upper Columbia Region (Golden),British Columbia,BC,51.2994,-116.939
V0B,East Kootenays (Fernie),British Columbia,BC,49.6775,-115.5636
V0C,Northern British Columbia (Fort Nelson),British Columbia,BC,58.3874,-125.7167
V0E,Central Okanagan and High Country (Revelstoke),British Columbia,BC,51.505,-119.2034
V0G,West Kootenays (Rossland),British Columbia,BC,50.053,-117.4291
V0H,South Okanagan (Summerland),British Columbia,BC,49.4089,-119.0054
V0J,Omineca and Yellowhead (Smithers),British Columbia,BC,55.9964,-126.8574
V0K,Cariboo and West Okanagan (100 Mile House),British Columbia,BC,51.4367,-121.6384
V0L,Chilcotin (Alexis Creek),British Columbia,BC,52.0993,-123.6526
V0M,Harrison Lake Region (Agassiz),British Columbia,BC,49.6346,-122.038
V0N,North Island Sunshine Coast and Southern Gulf Islands (Whistler),British Columbia,BC,51.2944,-126.0745
V0P,North Central Island and Bute Inlet Region (Gold River),British Columbia,BC,49.8866,-126.2673
V0R,Central Island (Chemainus),British Columbia,BC,49.027,-124.8461
V0S,Juan de Fuca Shore (Sooke),British Columbia,BC,48.5432,-123.672
V0T,Inside Passage and the Queen Charlottes (Queen Charlotte City),British Columbia,BC,52.2338,-126.2134
V0V,Lower Skeena (Port Edward),British Columbia,BC,53.9725,-129.8986
V0W,Atlin Region (Atlin),British Columbia,BC,59.6378,-133.5433
V0X,Similkameen (Hope),British Columbia,BC,49.3688,-120.6569
V1A,Kimberley,British Columbia,BC,49.6832,-115.9855
V1B,Vernon East,British Columbia,BC,50.084,-118.938
V1C,Cranbrook,British Columbia,BC,49.4999,-115.7688
V1E,Salmon Arm,British Columbia,BC,50.6998,-119.2691
V1G,Dawson Creek,British Columbia,BC,55.7666,-120.2362
V1H,Vernon West,British Columbia,BC,50.2868,-119.4975
V1J,Fort St. John,British Columbia,BC,56.2499,-120.8529
V1K,Merritt,British Columbia,BC,50.1122,-120.7942
V1L,Nelson,British Columbia,BC,49.4999,-117.2855
V1M,Langley Township North,British Columbia,BC,49.1661,-122.5792
V1N,Castlegar,British Columbia,BC,49.2998,-117.6689
V1P,Kelowna East,British Columbia,BC,49.8959,-119.1724
V1R,Trail,British Columbia,BC,49.0998,-117.7022
V1S,Kamloops Southwest,British Columbia,BC,50.5583,-120.5477
V1T,Vernon Central,British Columbia,BC,50.2604,-119.2774
V1V,Kelowna North,British Columbia,BC,49.9497,-119.4339
V1W,Kelowna Southwest,British Columbia,BC,49.812,-119.5076
V1X,Kelowna East Central,British Columbia,BC,50.0528,-119.2858
V1Y,Kelowna Central,British Columbia,BC,49.8928,-119.4852
V1Z,Kelowna West,British Columbia,BC,49.8625,-119.5833
V2A,Penticton,British Columbia,BC,49.4806,-119.5858
V2B,Kamloops Northwest,British Columbia,BC,50.8869,-120.7357
V2C,Kamloops Central and Southeast,British Columbia,BC,50.5437,-120.0937
V2E,Kamloops South and West,British Columbia,BC,50.6736,-120.4212
V2G,Williams Lake,British Columbia,BC,52.1415,-122.1445
V2H,Kamloops North,British Columbia,BC,50.7262,-120.1659
V2J,Quesnel,British Columbia,BC,52.9784,-122.4931
V2K,Prince George North,British Columbia,BC,54.0508,-122.9221
V2L,Prince George East Central,British Columbia,BC,53.9078,-122.7473
V2M,Prince George West Central,British Columbia,BC,53.9127,-122.8708
V2N,Prince George South,British Columbia,BC,53.6408,-122.954
V2P,Chilliwack Central,British Columbia,BC,49.1838,-121.9046
V2R,Chilliwack West,British Columbia,BC,49.076,-121.9883
V2S,Abbotsford Southeast,British Columbia,BC,49.0423,-122.2835
V2T,Abbotsford Southwest,British Columbia,BC,49.0384,-122.3485
V2V,Mission East,British Columbia,BC,49.6463,-122.5047
V2W,Maple Ridge East,British Columbia,BC,49.2068,-122.4851
V2X,Maple Ridge West,British Columbia,BC,49.2196,-122.6164
V2Y,Langley Township Northwest,British Columbia,BC,49.1285,-122.6236
V2Z,Langley Township Southwest,British Columbia,BC,49.0483,-122.5997
V3A,Langley City,British Columbia,BC,49.0997,-122.6526
V3B,Port Coquitlam Central,British Columbia,BC,49.274,-122.7649
V3C,Port Coquitlam South,British Columbia,BC,49.2436,-122.7865
V3E,Port Coquitlam North,British Columbia,BC,49.3167,-122.7384
V3G,Abbotsford East,British Columbia,BC,49.0754,-122.178
V3H,Port Moody,British Columbia,BC,49.3231,-122.8626
V3J,Coquitlam North,British Columbia,BC,49.265,-122.8716
V3K,Coquitlam South,British Columbia,BC,49.2366,-122.8521
V3L,New Westminster Northeast,British Columbia,BC,49.2201,-122.8998
V3M,New Westminster Southwest (Includes Annacis Island),British Columbia,BC,49.1886,-122.9384
V3N,Burnaby (East Big Bend / Stride Avenue / Edmonds / Cariboo-Armstrong),British Columbia,BC,49.2275,-122.9301
V3R,Surrey North,British Columbia,BC,49.1948,-122.8131
V3S,Surrey East,British Columbia,BC,49.0791,-122.7553
V3T,Surrey Inner Northwest,British Columbia,BC,49.1894,-122.8454
V3V,Surrey Outer Northwest,British Columbia,BC,49.1889,-122.873
V3W,Surrey Upper West,British Columbia,BC,49.141,-122.8569
V3X,Surrey Lower West,British Columbia,BC,49.1067,-122.8576
V3Y,Pitt Meadows,British Columbia,BC,49.2212,-122.6896
V3Z,Surrey,British Columbia,BC,49.1064,-122.8251
V4A,Surrey Southwest,British Columbia,BC,49.0374,-122.8299
V4B,White Rock,British Columbia,BC,49.0259,-122.8058
V4C,Delta Northeast,British Columbia,BC,49.1551,-122.9124
V4E,Delta East,British Columbia,BC,49.1197,-122.9056
V4G,Delta East Central,British Columbia,BC,49.1464,-123.0137
V4K,Delta Central,British Columbia,BC,49.0986,-123.0318
V4L,Delta Southeast,British Columbia,BC,49.0418,-123.0591
V4M,Delta Southwest,British Columbia,BC,49.0331,-123.0877
V4N,Surrey Northeast,British Columbia,BC,49.1707,-122.7326
V4P,Surrey South,British Columbia,BC,49.0561,-122.8302
V4R,Maple Ridge Northwest,British Columbia,BC,49.2903,-122.5169
V4S,Mission West,British Columbia,BC,49.2528,-122.3574
V4T,Westbank,British Columbia,BC,49.866,-119.7387
V4V,Winfield,British Columbia,BC,50.0221,-119.4054
V4W,Langley Township East,British Columbia,BC,49.0713,-122.4977
V4X,Abbotsford West,British Columbia,BC,49.0861,-122.4026
V4Z,Chilliwack East,British Columbia,BC,49.0787,-121.6098
V5A,Burnaby (Government Road / Lake City / SFU / Burnaby Mountain),British Columbia,BC,49.264,-122.9369
V5B,Burnaby (Parkcrest-Aubrey / Ardingley-Sprott),British Columbia,BC,49.2769,-122.9761
V5C,Burnaby (Burnaby Heights / Willingdon Heights / West Central Valley),British Columbia,BC,49.274,-123.0074
V5E,Burnaby (Lakeview-Mayfield / Richmond Park / Kingsway-Beresford),British Columbia,BC,49.2272,-122.9574
V5G,Burnaby (Cascade-Schou / Douglas-Gilpin),British Columbia,BC,49.2478,-122.9938
V5H,Burnaby (Maywood / Marlborough / Oakalla / Windsor),British Columbia,BC,49.2302,-122.9952
V5J,Burnaby (Suncrest / Sussex-Nelson / Clinton-Glenwood / West Big Bend),British Columbia,BC,49.2038,-122.9921
V6V,Richmond Northeast,British Columbia,BC,49.1853,-123.0386
V6W,Richmond Southeast,British Columbia,BC,49.1534,-123.048
V6X,Richmond North,British Columbia,BC,49.1836,-123.1168
V6Y,Richmond Central,British Columbia,BC,49.17,-123.1368
V7A,Richmond South,British Columbia,BC,49.1205,-123.1171
V7B,Richmond (Sea Island / YVR),British Columbia,BC,49.1988,-123.1799
V7C,Richmond West,British Columbia,BC,49.1626,-123.1721
V7E,Richmond Southwest,British Columbia,BC,49.1323,-123.1705
V8A,Powell River,British Columbia,BC,50.0163,-124.3226
V8B,Squamish,British Columbia,BC,49.7002,-123.156
V8C,Kitimat,British Columbia,BC,54.0524,-128.6534
V8G,Terrace,British Columbia,BC,54.5163,-128.6035
V8J,Prince Rupert,British Columbia,BC,54.3161,-130.3201
V8K,Saltspring Island,British Columbia,BC,48.8138,-123.4973
V8L,Sidney,British Columbia,BC,48.6496,-123.4026
V8M,Central Saanich,British Columbia,BC,48.5663,-123.4193
V8N,Saanich East,British Columbia,BC,48.4765,-123.3145
V8P,Saanich Southeast,British Columbia,BC,48.4583,-123.3325
V8R,Oak Bay North,British Columbia,BC,48.4496,-123.3026
V8S,Oak Bay South,British Columbia,BC,48.42,-123.3047
V8T,Victoria North,British Columbia,BC,48.4392,-123.3566
V8V,Victoria South,British Columbia,BC,48.4167,-123.365
V8W,Victoria Central British Columbia Provincial Government,British Columbia,BC,48.4267,-123.3655
V8X,Saanich South,British Columbia,BC,48.4777,-123.3658
V8Y,Saanich North,British Columbia,BC,48.5247,-123.3745
V8Z,Saanich Central,British Columbia,BC,48.4993,-123.4003
V9A,Esquimalt,British Columbia,BC,48.4496,-123.4193
V9B,Highlands,British Columbia,BC,48.4793,-123.5271
V9C,Metchosin,British Columbia,BC,48.3829,-123.5359
V9E,Saanich West,British Columbia,BC,48.5219,-123.453
V9G,Ladysmith,British Columbia,BC,48.9829,-123.8194
V9H,Campbell River Outskirts,British Columbia,BC,49.9088,-125.5862
V9J,Courtenay Northern Outskirts,British Columbia,BC,49.7242,-125.2604
V9K,Qualicum Beach,British Columbia,BC,49.3468,-124.4361
V9L,Duncan,British Columbia,BC,48.7829,-123.7027
V9M,Comox,British Columbia,BC,49.6829,-124.9361
V9N,Courtenay Central,British Columbia,BC,49.6585,-124.9835
V9P,Parksville,British Columbia,BC,49.3163,-124.3194
V9R,Nanaimo South,British Columbia,BC,49.1609,-123.9825
V9S,Nanaimo Central,British Columbia,BC,49.1886,-123.963
V9T,Nanaimo North,British Columbia,BC,49.2146,-124.02
V9V,Nanaimo Northwest,British Columbia,BC,49.2391,-124.0227
V9W,Campbell River Central,British Columbia,BC,50.0769,-125.5909
V9X,Cedar,British Columbia,BC,49.0419,-123.979
V9Y,Port Alberni,British Columbia,BC,49.2413,-124.8028
V9Z,Sooke,British Columbia,BC,48.3746,-123.7276
R0A,Southeastern Manitoba (Lorette),Manitoba,MB,49.2911,-96.2985
R0B,Northern Manitoba (Norway House),Manitoba,MB,56.2701,-96.9118
R0C,North Interlake (Stonewall),Manitoba,MB,51.4132,-97.8525
R0E,Eastern Manitoba (Beausejour),Manitoba,MB,50.4751,-95.961
R0G,South Central Manitoba (Altona),Manitoba,MB,49.4394,-98.0869
R0H,South Interlake (MacGregor),Manitoba,MB,50.3458,-98.5152
R0J,Riding Mountain (Neepawa),Manitoba,MB,50.5842,-100.1345
R0K,Brandon Region (Killarney),Manitoba,MB,49.555,-99.7154
R0L,Western Manitoba (Swan River),Manitoba,MB,52.0092,-100.2901
R0M,Southwestern Manitoba (Virden),Manitoba,MB,49.711,-100.9263
R1A,Selkirk,Manitoba,MB,50.1436,-96.8845
R1B,Lockport,Manitoba,MB,50.084,-96.9353
R1C,Narol,Manitoba,MB,50.055,-96.9781
R1N,Portage la Prairie,Manitoba,MB,49.9728,-98.2926
R2C,Winnipeg (Transcona),Manitoba,MB,49.9247,-96.9563
R2E,East St. Paul,Manitoba,MB,49.9791,-97.0128
R2G,Winnipeg (River East North),Manitoba,MB,49.9413,-97.0571
R2H,Winnipeg (St. Boniface NW),Manitoba,MB,49.8846,-97.1186
R2J,Winnipeg (St. Boniface NE),Manitoba,MB,49.8665,-97.0633
R2K,Winnipeg (River East Central),Manitoba,MB,49.9203,-97.083
R2L,Winnipeg (River East South),Manitoba,MB,49.9075,-97.0996
R2M,Winnipeg (St. Vital North),Manitoba,MB,49.8396,-97.1147
R2N,Winnipeg (St. Vital SW),Manitoba,MB,49.7838,-97.0973
R2P,Winnipeg (Seven Oaks West),Manitoba,MB,49.9696,-97.1554
R2R,Winnipeg (Inkster West),Manitoba,MB,49.9377,-97.2162
R2V,Winnipeg (Seven Oaks East),Manitoba,MB,49.9548,-97.1112
R2W,Winnipeg (Point Douglas East),Manitoba,MB,49.9195,-97.1354
R2X,Winnipeg (Point Douglas West / Inkster East),Manitoba,MB,49.9322,-97.1733
R2Y,Winnipeg (St. James-Assiniboia NW),Manitoba,MB,49.9073,-97.2945
R3A,Winnipeg (Centennial),Manitoba,MB,49.9038,-97.1489
R3B,Winnipeg (Chinatown / Civic Centre / Exchange District),Manitoba,MB,49.898,-97.1401
R3C,Winnipeg (Broadway / The Forks / Portage and Main) Manitoba Provincial Government,Manitoba,MB,50.011,-97.2184
R3E,Winnipeg (Sargent Park / Daniel McIntyre / Inkster SE),Manitoba,MB,49.9081,-97.1779
R3G,Winnipeg (Minto / St. Mathews / Wolseley),Manitoba,MB,49.8876,-97.1807
R3H,Winnipeg (St. James-Assiniboia NE / YWG),Manitoba,MB,49.9033,-97.2074
R3J,Winnipeg (St. James-Assiniboia SE),Manitoba,MB,49.8966,-97.2404
R3K,Winnipeg (St. James-Assiniboia SW),Manitoba,MB,49.8734,-97.307
R3L,Winnipeg (River Heights East),Manitoba,MB,49.867,-97.1356
R3M,Winnipeg (River Heights Central),Manitoba,MB,49.8625,-97.1665
R3N,Winnipeg (River Heights West),Manitoba,MB,49.8629,-97.1959
R3P,Winnipeg (Fort Garry NW / Tuxedo),Manitoba,MB,49.8425,-97.2182
R3R,Winnipeg (Assiniboine South / Betsworth),Manitoba,MB,49.8546,-97.2874
R3S,Winnipeg (Wilkes South),Manitoba,MB,49.8255,-97.2934
R3T,Winnipeg (Fort Garry NE / University of Manitoba),Manitoba,MB,49.8143,-97.1531
R3V,Winnipeg (Fort Garry South),Manitoba,MB,49.7462,-97.1745
R3W,Winnipeg (Grassie / Pequis),Manitoba,MB,49.9141,-97.0401
R3X,Winnipeg (St. Boniface South / St. Vital SE),Manitoba,MB,49.8209,-97.0322
R3Y,Winnipeg (Fort Garry West),Manitoba,MB,49.7885,-97.2147
R4A,West St. Paul,Manitoba,MB,50.0211,-97.1147
R4G,Oak Bluff,Manitoba,MB,49.7736,-97.3221
R4H,Headingley East,Manitoba,MB,49.8761,-97.3812
R4J,Headingley West,Manitoba,MB,49.8467,-97.4319
R4K,Cartier,Manitoba,MB,49.8908,-97.6004
R4L,St. Francois Xavier,Manitoba,MB,49.9372,-97.5545
R5A,St. Adolphe,Manitoba,MB,49.712,-97.0836
R5G,Steinbach,Manitoba,MB,49.5258,-96.6845
R5H,Ste. Anne,Manitoba,MB,49.6697,-96.65
R6M,Morden,Manitoba,MB,49.1919,-98.1014
R6W,Winkler,Manitoba,MB,49.1817,-97.941
R7A,Brandon Southeast,Manitoba,MB,49.8174,-99.9565
R7B,Brandon Southwest,Manitoba,MB,49.842,-99.9831
R7C,Brandon North,Manitoba,MB,49.8817,-99.965
R7N,Dauphin,Manitoba,MB,51.1494,-100.0502
R8A,Flin Flon,Manitoba,MB,54.7682,-101.865
R8N,Thompson,Manitoba,MB,55.7435,-97.8558
R9A,The Pas,Manitoba,MB,53.704,-101.2933
E1A,Dieppe Moncton East,New Brunswick,NB,46.0967,-64.7087
E1B,Riverview,New Brunswick,NB,46.0545,-64.816
E1C,Moncton Central,New Brunswick,NB,46.0987,-64.8036
E1E,Moncton West,New Brunswick,NB,46.0771,-64.8529
E1G,Moncton Northwest,New Brunswick,NB,46.1797,-64.9484
E1H,Lakeville Shediac Bridge,New Brunswick,NB,46.1732,-64.6957
E1J,Coverdale,New Brunswick,NB,45.9976,-64.8483
E1N,Miramichi South,New Brunswick,NB,46.9501,-65.3239
E1V,Miramichi North,New Brunswick,NB,47.1942,-65.9381
E1W,Caraquet,New Brunswick,NB,47.7941,-64.9386
E1X,Tracadie-Sheila,New Brunswick,NB,47.5144,-64.9181
E2A,Bathurst,New Brunswick,NB,47.6181,-65.6511
E2E,Rothesay Quispamsis,New Brunswick,NB,45.4137,-65.982
E2G,Quispamsis,New Brunswick,NB,45.4534,-65.931
E2H,Saint John Northeast Renforth,New Brunswick,NB,45.35,-66.0101
E2J,Saint John East,New Brunswick,NB,45.2563,-65.9432
E2K,Saint John North,New Brunswick,NB,45.3053,-66.0808
E2L,Saint John Central,New Brunswick,NB,45.2717,-66.0584
E2M,Saint John West,New Brunswick,NB,45.2347,-66.1749
E2N,Saint John Lakewood,New Brunswick,NB,45.3176,-65.9271
E2P,Saint John Red Head,New Brunswick,NB,45.2426,-65.9847
E2R,Saint John Grandview,New Brunswick,NB,46.0368,-66.0373
E2S,Saint John Loch Lomond,New Brunswick,NB,45.3371,-65.8133
E2V,Oromocto,New Brunswick,NB,45.8351,-66.4792
E3A,Fredericton North,New Brunswick,NB,46.0401,-66.3862
E3B,Fredericton South New Brunswick Provincial Government,New Brunswick,NB,45.8119,-66.6763
E3C,Fredericton Southwest New Maryland,New Brunswick,NB,45.902,-66.7057
E3E,Kingsclear,New Brunswick,NB,45.8834,-66.9156
E3G,Fredericton,New Brunswick,NB,46.0546,-66.7344
E3L,St. Stephen,New Brunswick,NB,45.1804,-67.2953
E3N,Campbellton,New Brunswick,NB,48.0075,-66.6727
E3V,Edmundston,New Brunswick,NB,47.3737,-68.3251
E3Y,Grand Falls Northeast,New Brunswick,NB,47.1683,-67.6207
E3Z,Grand Falls Central,New Brunswick,NB,46.9266,-67.7466
E4A,Bathurst,New Brunswick,NB,46.1599,-65.8102
E4B,Minto,New Brunswick,NB,46.0848,-66.0622
E4C,Youngs Cove,New Brunswick,NB,45.8693,-65.9006
E4E,Sussex,New Brunswick,NB,45.7227,-65.5066
E4G,Smiths Creek,New Brunswick,NB,45.8552,-65.4795
E4H,Hillsborough,New Brunswick,NB,45.9199,-64.6552
E4J,Salisbury,New Brunswick,NB,46.0391,-65.0463
E4K,Dorchester,New Brunswick,NB,45.9016,-64.508
E4L,Sackville,New Brunswick,NB,45.9188,-64.3845
E4M,Bayfield,New Brunswick,NB,46.0919,-64.0173
E4N,Cap-Pel̩,New Brunswick,NB,46.2129,-64.2784
E4P,Shediac,New Brunswick,NB,46.2198,-64.5411
E4R,Cocagne,New Brunswick,NB,46.3324,-64.6187
E4S,Bouctouche,New Brunswick,NB,46.4684,-64.739
E4T,Bass River,New Brunswick,NB,46.3042,-64.972
E4V,Saint-Antoine,New Brunswick,NB,46.3629,-64.7499
E4W,Richibucto,New Brunswick,NB,46.6807,-64.8804
E4X,St-Louis-de-Kent,New Brunswick,NB,46.7401,-64.9698
E4Y,Rogersville,New Brunswick,NB,46.7345,-65.427
E4Z,Petitcodiac,New Brunswick,NB,45.9394,-65.1802
E5A,Moores Mills,New Brunswick,NB,45.3705,-67.1737
E5B,St. Andrews,New Brunswick,NB,45.0845,-67.0617
E5C,St. George,New Brunswick,NB,45.1265,-66.8314
E5E,Campobello Island,New Brunswick,NB,44.8908,-66.9318
E5G,Grand Manan Island,New Brunswick,NB,44.6976,-66.8065
E5H,Pennfield,New Brunswick,NB,45.1168,-66.6822
E5J,Lepreau,New Brunswick,NB,45.1979,-66.4308
E5K,Grand Bay-Westfield,New Brunswick,NB,45.3407,-66.2528
E5L,Fredericton Junction,New Brunswick,NB,45.6604,-66.6139
E5M,Gagetown,New Brunswick,NB,45.7701,-66.1617
E5N,Hampton,New Brunswick,NB,45.5288,-65.8535
E5P,Apohaqui,New Brunswick,NB,45.7599,-65.6704
E5R,St. Martins,New Brunswick,NB,45.351,-65.5457
E5S,Kingston,New Brunswick,NB,45.4098,-66.0932
E5T,Norton,New Brunswick,NB,45.6508,-65.7302
E5V,Deer Island,New Brunswick,NB,44.9862,-66.9694
E6A,Boiestown,New Brunswick,NB,46.4558,-66.4198
E6B,Stanley,New Brunswick,NB,46.3381,-66.9058
E6C,Durham Bridge,New Brunswick,NB,46.1168,-66.5989
E6E,Millville,New Brunswick,NB,46.1307,-67.1962
E6G,Nackawic,New Brunswick,NB,45.9967,-67.2403
E6H,Canterbury,New Brunswick,NB,45.8954,-67.4678
E6J,McAdam,New Brunswick,NB,45.5923,-67.307
E6K,Harvey,New Brunswick,NB,45.729,-67.0064
E6L,Burtts Corner,New Brunswick,NB,45.9881,-67.0338
E7A,Baker Brook,New Brunswick,NB,47.3,-68.7487
E7B,Saint-Jacques,New Brunswick,NB,47.5655,-68.3127
E7C,Saint-Basile,New Brunswick,NB,47.6583,-68.0684
E7E,Saint-Leonard,New Brunswick,NB,47.173,-67.9247
E7G,Plaster Rock,New Brunswick,NB,46.9065,-67.39
E7H,Perth-Andover,New Brunswick,NB,46.7355,-67.7039
E7J,Bath,New Brunswick,NB,46.5807,-67.5911
E7K,Centreville,New Brunswick,NB,46.3982,-67.7174
E7L,Florenceville,New Brunswick,NB,46.5528,-67.305
E7M,Woodstock,New Brunswick,NB,46.158,-67.5838
E7N,Debec,New Brunswick,NB,46.0555,-67.5839
E7P,Hartland,New Brunswick,NB,46.2999,-67.5167
E8A,Saint-Quentin,New Brunswick,NB,47.5133,-67.3929
E8B,Kedgwick,New Brunswick,NB,47.6446,-67.3434
E8C,Dalhousie,New Brunswick,NB,48.055,-66.3847
E8E,Balmoral,New Brunswick,NB,47.679,-66.4342
E8G,Belledune,New Brunswick,NB,47.8023,-66.1243
E8J,Petit-Rocher,New Brunswick,NB,47.7941,-65.8219
E8K,Beresford,New Brunswick,NB,47.6913,-65.6989
E8L,Allardville,New Brunswick,NB,47.475,-65.495
E8M,Saint-Isidore,New Brunswick,NB,47.5765,-65.1379
E8N,Grande-Anse,New Brunswick,NB,47.8078,-65.1945
E8P,Inkerman,New Brunswick,NB,47.6672,-64.8248
E8R,Paquetville,New Brunswick,NB,47.6383,-65.1709
E8S,Shippagan,New Brunswick,NB,47.7287,-64.7247
E8T,Lam̬que,New Brunswick,NB,47.7936,-64.6475
E9A,Baie-Sainte-Anne,New Brunswick,NB,47.0188,-64.92
E9B,Blackville,New Brunswick,NB,46.7398,-65.8319
E9C,Doaktown,New Brunswick,NB,46.557,-66.1257
E9E,Red Bank,New Brunswick,NB,46.8486,-65.6772
E9G,Neguac,New Brunswick,NB,47.2489,-65.0741
E9H,Brantville,New Brunswick,NB,47.3528,-65.0538
A0A,Southeastern Avalon Peninsula (Ferryland),Newfoundland and Labrador,NL,47.2195,-53.1448
A0B,Western Avalon Peninsula (Argentia),Newfoundland and Labrador,NL,47.327,-53.6609
A0C,Bonavista Peninsula (Bonavista),Newfoundland and Labrador,NL,48.3843,-53.9081
A0E,Burin Peninsula (Marystown),Newfoundland and Labrador,NL,47.5607,-54.7801
A0G,Northeast Newfoundland (Lewisporte),Newfoundland and Labrador,NL,48.8657,-54.7296
A0H,Central Newfoundland (Bishops Falls),Newfoundland and Labrador,NL,48.4311,-56.1758
A0J,Northern Newfoundland (Springdale),Newfoundland and Labrador,NL,49.5067,-56.2616
A0K,Northwest Newfoundland/Eastern Labrador (Mary's Harbour),Newfoundland and Labrador,NL,52.7359,-57.9825
A0L,Western Newfoundland (Lark Harbour),Newfoundland and Labrador,NL,48.9445,-58.0645
A0M,Southwestern Newfoundland (Channel-Port aux Basques),Newfoundland and Labrador,NL,47.8037,-58.3869
A0N,Port au Port Peninsula region (St. George's),Newfoundland and Labrador,NL,48.0868,-57.8231
A0P,Central Labrador (Happy Valley-Goose Bay),Newfoundland and Labrador,NL,54.9549,-61.6024
A0R,North/Western Labrador (Churchill Falls),Newfoundland and Labrador,NL,53.54,-65.112
A1A,St. John's North,Newfoundland and Labrador,NL,47.5986,-52.6926
A1B,St. John's Northwest Newfoundland & Labrador Provincial Government,Newfoundland and Labrador,NL,47.5698,-52.7796
A1C,St. John's North Central,Newfoundland and Labrador,NL,47.5124,-52.6729
A1E,St. John's Central,Newfoundland and Labrador,NL,47.5334,-52.7595
A1G,St. John's South,Newfoundland and Labrador,NL,47.506,-52.7603
A1H,St. John's Southwest,Newfoundland and Labrador,NL,47.483,-52.8415
A1K,Torbay,Newfoundland and Labrador,NL,47.6666,-52.7313
A1L,Paradise,Newfoundland and Labrador,NL,47.5291,-52.8814
A1M,Portugal Cove-St. Philips,Newfoundland and Labrador,NL,47.6207,-52.8318
A1N,Mount Pearl,Newfoundland and Labrador,NL,47.5194,-52.8122
A1S,Goulds,Newfoundland and Labrador,NL,47.4212,-52.8077
A1V,Gander,Newfoundland and Labrador,NL,48.9682,-54.5906
A1W,Manuels,Newfoundland and Labrador,NL,47.5096,-52.9447
A1X,Conception Bay,Newfoundland and Labrador,NL,47.4999,-52.9981
A1Y,Carbonear,Newfoundland and Labrador,NL,47.7113,-53.2953
A2A,Grand Falls,Newfoundland and Labrador,NL,48.9332,-55.6649
A2B,Windsor,Newfoundland and Labrador,NL,48.9499,-55.6649
A2H,Corner Brook,Newfoundland and Labrador,NL,48.9156,-57.797
A2N,Stephenville,Newfoundland and Labrador,NL,48.55,-58.5818
A2V,Labrador City,Newfoundland and Labrador,NL,52.9517,-66.9328
A5A,Clarenville,Newfoundland and Labrador,NL,48.1666,-53.9648
A8A,Deer Lake,Newfoundland and Labrador,NL,49.1667,-57.4316
B0C,North Victoria County (Dingwall),Nova Scotia,NS,46.6482,-60.5396
B0E,West Cape Breton Island (Baddeck),Nova Scotia,NS,46.1133,-61.0251
B0H,Canso region (Havre Boucher),Nova Scotia,NS,45.3335,-61.8333
B0J,Mainland east shore (Lunenburg),Nova Scotia,NS,44.9419,-62.6471
B0K,Southern Northumberland Strait (Pictou),Nova Scotia,NS,45.6138,-62.9506
B0L,Isthmus of Chignecto (River H̩bert),Nova Scotia,NS,45.6908,-64.3641
B0M,Cobequid Bay north shore (Springhill),Nova Scotia,NS,45.5354,-64.0393
B0N,Hants County (Shubenacadie),Nova Scotia,NS,45.0963,-63.4701
B0P,Kings County (Kingston),Nova Scotia,NS,45.0328,-64.6566
B0R,West Lunenburg County (New Germany),Nova Scotia,NS,44.6003,-64.7443
B0S,West Annapolis County (Middleton),Nova Scotia,NS,44.6861,-65.3002
B0T,Queens County (Shelburne),Nova Scotia,NS,44.0802,-65.1175
B0V,Digby Neck (Digby),Nova Scotia,NS,44.5342,-65.7783
B0W,Southwest Mainland (Weymouth),Nova Scotia,NS,44.0486,-65.7547
B1A,Glace Bay,Nova Scotia,NS,46.197,-59.957
B1B,Port Morien,Nova Scotia,NS,46.1174,-59.9144
B1C,Louisbourg,Nova Scotia,NS,45.9485,-59.9737
B1E,Reserve Mines,Nova Scotia,NS,46.1845,-60.0166
B1G,Dominion,Nova Scotia,NS,46.2168,-60.0151
B1H,New Waterford,Nova Scotia,NS,46.2501,-60.0817
B1J,East Bay,Nova Scotia,NS,45.9834,-60.3652
B1K,Marion Bridge,Nova Scotia,NS,45.9668,-60.2318
B1L,Sydney Southwest,Nova Scotia,NS,46.0627,-60.2045
B1M,Sydney East,Nova Scotia,NS,46.127,-60.0696
B1N,Sydney North,Nova Scotia,NS,46.1975,-60.1559
B1P,Sydney North Central,Nova Scotia,NS,46.1341,-60.1749
B1R,Sydney West,Nova Scotia,NS,46.1284,-60.2915
B1S,Sydney Central,Nova Scotia,NS,46.1109,-60.2092
B1T,Christmas Island,Nova Scotia,NS,45.9668,-60.7152
B1V,North Sydney North,Nova Scotia,NS,46.2437,-60.2313
B1W,Eskasoni,Nova Scotia,NS,45.9328,-60.6438
B1X,Big Bras d'Or,Nova Scotia,NS,46.2904,-60.47
B1Y,Alder Point,Nova Scotia,NS,46.2538,-60.3566
B2A,North Sydney South Central,Nova Scotia,NS,46.1169,-60.3769
B2C,Iona,Nova Scotia,NS,45.9948,-60.8421
B2E,Loch Lomond,Nova Scotia,NS,45.7501,-60.6152
B2G,Antigonish,Nova Scotia,NS,45.6168,-61.9986
B2H,New Glasgow,Nova Scotia,NS,45.5834,-62.6486
B2J,Fourchu,Nova Scotia,NS,45.707,-60.4665
B2N,Truro,Nova Scotia,NS,45.3668,-63.2654
B2R,Waverley,Nova Scotia,NS,44.7599,-63.5525
B2S,Lantz,Nova Scotia,NS,45.0209,-63.5344
B2T,Enfield,Nova Scotia,NS,44.8749,-63.4689
B2V,Dartmouth Morris Lake,Nova Scotia,NS,44.6529,-63.4777
B2W,Dartmouth East Central,Nova Scotia,NS,44.6752,-63.5077
B2X,Dartmouth North Central,Nova Scotia,NS,44.702,-63.533
B2Y,Dartmouth South Central,Nova Scotia,NS,44.6645,-63.5453
B2Z,Dartmouth East,Nova Scotia,NS,44.7227,-63.4223
B3A,Dartmouth Southwest,Nova Scotia,NS,44.6819,-63.5768
B3B,Dartmouth Northwest,Nova Scotia,NS,44.7091,-63.5869
B3E,Porters Lake,Nova Scotia,NS,44.7722,-63.3361
B3G,Eastern Passage,Nova Scotia,NS,44.6169,-63.482
B3H,Halifax Lower Harbour,Nova Scotia,NS,44.6344,-63.5822
B3J,Halifax Mid-Harbour Nova Scotia Provincial Government,Nova Scotia,NS,44.6451,-63.5762
B3K,Halifax Upper Harbour,Nova Scotia,NS,44.662,-63.6017
B3L,Halifax Central,Nova Scotia,NS,44.6508,-63.6146
B3M,Halifax Bedford Basin,Nova Scotia,NS,44.6784,-63.6582
B3N,Halifax South Central,Nova Scotia,NS,44.631,-63.6405
B3P,Halifax North West Arm,Nova Scotia,NS,44.6139,-63.5946
B3R,Halifax South,Nova Scotia,NS,44.5939,-63.6031
B3S,Halifax West,Nova Scotia,NS,44.6533,-63.6675
B3T,Lakeside,Nova Scotia,NS,44.5683,-63.7306
B3V,Harrietsfield,Nova Scotia,NS,44.5199,-63.6064
B3Z,Tantallon,Nova Scotia,NS,44.6386,-63.8687
B4A,Bedford Southeast,Nova Scotia,NS,44.7232,-63.656
B4B,Bedford Northwest,Nova Scotia,NS,44.7509,-63.7711
B4C,Lower Sackville South,Nova Scotia,NS,44.7607,-63.637
B4E,Lower Sackville West,Nova Scotia,NS,44.8163,-63.7387
B4G,Lower Sackville North,Nova Scotia,NS,44.8814,-63.6798
B4H,Amherst,Nova Scotia,NS,45.8335,-64.1987
B4N,Kentville,Nova Scotia,NS,45.0834,-64.4988
B4P,Wolfville,Nova Scotia,NS,45.0834,-64.3655
B4R,Coldbrook,Nova Scotia,NS,45.0668,-64.5821
B4V,Bridgewater,Nova Scotia,NS,44.3835,-64.5155
B5A,Yarmouth,Nova Scotia,NS,43.8335,-66.1156
B6L,Truro,Nova Scotia,NS,45.4093,-63.2114
B9A,Port Hawkesbury,Nova Scotia,NS,45.6168,-61.3485
X0E,Central Northwest Territories (Inuvik),Northwest Territory,NT,66.8714,-120.225
X0G,Southwestern Northwest Territories (Fort Liard),Northwest Territory,NT,60.2563,-123.3826
X1A,Yellowknife,Northwest Territory,NT,62.456,-114.3525
X0A,Outer Nunavut (Iqaluit),Nunavut Territory,NU,79.6218,-76.7765
X0B,Central Nunavut (Cambridge Bay),Nunavut Territory,NU,70.9072,-106.9604
X0C,Inner Nunavut (Rankin Inlet),Nunavut Territory,NU,64.1647,-94.7724
P0R,Algoma Southwest (Blind River),Ontario,ON,46.5984,-83.0385
N3P,Brantford Northeast,Ontario,ON,43.1818,-80.2367
N3R,Brantford Central,Ontario,ON,43.1692,-80.2684
N3S,Brantford Southeast,Ontario,ON,43.1394,-80.2357
N3T,Brantford Southwest,Ontario,ON,43.131,-80.3254
N3V,Brantford Northwest,Ontario,ON,43.1734,-80.298
L0N,Dufferin County (Shelburne),Ontario,ON,44.0317,-80.2068
K0H,Frontenac County /  Addington County /  Loyalist Shores and Southwest Leeds (Inverary),Ontario,ON,44.7208,-76.8334
L0P,Halton Regional Municipality (Campbellville),Ontario,ON,43.4906,-79.9998
L9E,Milton,Ontario,ON,43.5168,-79.8829
L8E,Hamilton (Confederation Park / Nashdale / East Kentley / Riverdale / Lakely / Grayside / North Stoney Creek),Ontario,ON,43.2245,-79.6988
L8G,Hamilton (Greenford / North Gershome / West Stoney Creek),Ontario,ON,43.2164,-79.7423
L8H,Hamilton (West Kentley / McQuesten / Parkview / Hamilton Beach / East Industrial Sector / Normanhurst / Homeside / East Crown Point),Ontario,ON,43.2596,-79.7925
L8J,Hamilton (East Albion Falls / South Stoney Creek),Ontario,ON,43.1836,-79.721
L8K,Hamilton (East Delta / Bartonville / Glenview / Rosedale / Lower King's Forest / Red Hill / Corman / Vincent / South Gershome),Ontario,ON,43.2211,-79.7994
L8L,Hamilton (West Industrial Sector / West Crown Point / North Stipley / North Gibson / Landsdale / Keith / North End / Beasley),Ontario,ON,43.2783,-79.8344
L8M,Hamilton (West Delta / Blakeley / South Stipley / South Gibson / St. Clair),Ontario,ON,43.2441,-79.8359
L8N,Hamilton (Stinson / Corktown),Ontario,ON,43.4017,-80.017
L8P,Hamilton (Durand / Kirkendall / Chedoke Park),Ontario,ON,43.2514,-79.8925
L8R,Hamilton (Central / Strathcona / South Dundurn),Ontario,ON,43.2726,-79.8792
L8S,Hamilton (Westdale / Cootes Paradise / Ainslie Wood),Ontario,ON,43.2606,-79.9161
L8T,Hamilton (Sherwood / Huntington / Upper King's Forest / Lisgar / Berrisfield / Hampton Heights / Sunninghill),Ontario,ON,43.2199,-79.8286
L8V,Hamilton (Raleigh / Macassa / Lawfield / Thorner / Burkholme / Eastmount),Ontario,ON,43.2266,-79.8499
L8W,Hamilton (West Albion Falls / Hannon / Rymal / Trenholme / Quinndale / Templemead / Broughton / Eleanor / Randall / Rushdale / Butler / East Chappel),Ontario,ON,43.1958,-79.8458
L9A,Hamilton (Crerar / Bruleville / Hill Park / Inch Park / Centremount / Balfour / Greeningdon / Jerome),Ontario,ON,43.2271,-79.871
L9B,Hamilton (Barnstown / West Chappel / Allison / Ryckmans / Mewburn / Sheldon / Falkirk / Carpenter / Kennedy / Southwest Outskirts),Ontario,ON,43.2055,-79.9004
L9C,Hamilton (Southam / Bonnington / Yeoville / Kernighan / Gourley / Rolston / Buchanan / Mohawk / Westcliffe / Gilbert / Gilkson / Gurnett / Fessenden / Mountview),Ontario,ON,43.2313,-79.9049
K0L,Peterborough County and North Hastings County (Lakefield),Ontario,ON,44.7767,-77.9687
K0J,Renfrew County and Lanark Highlands Township (Deep River),Ontario,ON,45.6606,-77.5886
M3K,Downsview East (CFB Toronto),Ontario,ON,43.739,-79.4692
M4E,East Toronto (The Beaches),Ontario,ON,43.6784,-79.2941
M4J,East Toronto (The Danforth East),Ontario,ON,43.6872,-79.3368
M4K,East Toronto (The Danforth West / Riverdale),Ontario,ON,43.6803,-79.3538
M4L,East Toronto (India Bazaar / The Beaches West),Ontario,ON,43.6693,-79.3155
M4M,East Toronto (Studio District),Ontario,ON,43.6561,-79.3406
M4N,Central Toronto (Lawrence Park East),Ontario,ON,43.7301,-79.3935
M4P,Central Toronto (Davisville North),Ontario,ON,43.7135,-79.3887
M4R,Central Toronto (North Toronto West),Ontario,ON,43.7143,-79.4065
M4S,Central Toronto (Davisville),Ontario,ON,43.702,-79.3853
M4T,Central Toronto (Moore Park / Summerhill East),Ontario,ON,43.6899,-79.3853
M4V,Central Toronto (Summerhill West / Rathnelly / South Hill / Forest Hill SE / Deer Park),Ontario,ON,43.6861,-79.4025
M4W,Downtown Toronto (Rosedale),Ontario,ON,43.6827,-79.373
M4X,Downtown Toronto (St. James Town / Cabbagetown),Ontario,ON,43.6684,-79.3689
M4Y,Downtown Toronto (Church and Wellesley),Ontario,ON,43.6656,-79.383
M5A,Downtown Toronto (Regent Park / Port of Toronto),Ontario,ON,43.6555,-79.3626
M5B,Downtown Toronto (Ryerson),Ontario,ON,43.6572,-79.3783
M5C,Downtown Toronto (St. James Park),Ontario,ON,43.6513,-79.3756
M5E,Downtown Toronto (Berczy Park),Ontario,ON,43.6456,-79.3754
M5G,Downtown Toronto (Central Bay Street),Ontario,ON,43.6564,-79.386
M5H,Downtown Toronto (Richmond / Adelaide / King),Ontario,ON,43.6496,-79.3833
M5J,Downtown Toronto (Harbourfront East / Union Station / Toronto Island),Ontario,ON,43.623,-79.3936
M5K,Downtown Toronto (Toronto Dominion Centre / Design Exchange),Ontario,ON,43.6469,-79.3823
M5L,Downtown Toronto (Commerce Court / Victoria Hotel),Ontario,ON,43.6492,-79.3823
M5N,Central Toronto (Roselawn),Ontario,ON,43.7113,-79.4195
M5P,Central Toronto (Forest Hill North & West),Ontario,ON,43.6966,-79.412
M5R,Central Toronto (The Annex / North Midtown / Yorkville),Ontario,ON,43.6736,-79.4035
M5S,Downtown Toronto (University of Toronto / Harbord),Ontario,ON,43.6629,-79.3987
M5T,Downtown Toronto (Kensington Market / Chinatown / Grange Park),Ontario,ON,43.6541,-79.3978
M5V,Downtown Toronto (CN Tower / King and Spadina / Railway Lands / Harbourfront West / Bathurst Quay / South Niagara / YTZ),Ontario,ON,43.6404,-79.3995
M5W,Downtown Toronto Stn A PO Boxes 25 The Esplanade (Enclave of M5E),Ontario,ON,43.6437,-79.3787
M5X,Downtown Toronto (Underground city),Ontario,ON,43.6492,-79.3823
M6G,Downtown Toronto (Christie),Ontario,ON,43.6683,-79.4205
M6H,West Toronto (Dufferin / Dovercourt Village),Ontario,ON,43.6655,-79.4378
M6J,West Toronto (Rua AÌ_ores / Trinity),Ontario,ON,43.648,-79.4177
M6K,West Toronto (Brockton / Parkdale Village / Exhibition Place),Ontario,ON,43.6383,-79.4301
M6P,West Toronto (High Park / The Junction South),Ontario,ON,43.6605,-79.4633
M6R,West Toronto (Parkdale / Roncesvalles Village),Ontario,ON,43.6469,-79.4521
M6S,West Toronto (Bloor West Village / Swansea),Ontario,ON,43.6512,-79.4828
M7Y,East Toronto Business Reply Mail Processing Centre 969 Eastern (Enclave of M4L),Ontario,ON,43.7804,-79.2505
M8V,Etobicoke (New Toronto / Mimico South / Humber Bay Shores),Ontario,ON,43.6075,-79.5013
K1A,Government of Canada Ottawa and Gatineau offices,Ontario,ON,45.4207,-75.7023
K1G,Ottawa (Riverview / Hawthorne),Ontario,ON,45.3548,-75.5773
K1H,Ottawa (Alta Vista),Ontario,ON,45.3876,-75.6593
K1K,Ottawa (Overbrook),Ontario,ON,45.4448,-75.6431
K1L,Ottawa (Vanier),Ontario,ON,45.44,-75.663
K1M,Ottawa (Rockcliffe Park / New Edinburgh),Ontario,ON,45.4491,-75.6818
K1N,Ottawa (Lower Town / Sandy Hill / University of Ottawa),Ontario,ON,45.4289,-75.6844
K1P,Ottawa (Parliament Hill),Ontario,ON,45.4225,-75.7026
K1R,Ottawa (West Downtown area),Ontario,ON,45.4123,-75.7108
K1S,Ottawa (The Glebe / Ottawa South / Ottawa East),Ontario,ON,45.399,-75.6871
K1V,Ottawa (Riverside Park / Hunt Club West / Riverside South / YOW),Ontario,ON,45.3281,-75.6719
K1Y,Ottawa West,Ontario,ON,45.4023,-75.7329
K1Z,Ottawa (Westboro),Ontario,ON,45.3867,-75.7405
K2A,Ottawa (Highland Park / Carlingwood),Ontario,ON,45.3805,-75.7636
K2B,Ottawa (Britannia / Pinecrest),Ontario,ON,45.3645,-75.7934
K2C,Ottawa (Queensway / Copeland / Carlington / Carleton Heights),Ontario,ON,45.3679,-75.7381
K2P,Ottawa (Centre Town),Ontario,ON,45.4166,-75.6904
K0A,National Capital Region (Almonte),Ontario,ON,45.2557,-76.2754
K0B,Prescott and Russell United Counties (Alfred),Ontario,ON,45.5029,-74.7479
K0C,Stormont Dundas and Glengarry United Counties (Alexandria),Ontario,ON,45.1686,-74.8966
K0E,South Leeds and Grenville United Counties (Prescott),Ontario,ON,44.8734,-75.4416
K0G,Rideau Lakes area (Kemptville),Ontario,ON,45.0466,-76.4757
K0K,Quinte Shores  East Northumberland County & Prince Edward County (Picton),Ontario,ON,44.3261,-77.4318
K0M,Kawartha lakes and Haliburton County (Bobcaygeon),Ontario,ON,44.8645,-78.6553
K1B,Gloucester (Blackburn Hamlet / Pine View),Ontario,ON,45.4284,-75.5875
K1C,Gloucester (West Orleans),Ontario,ON,45.4677,-75.5399
K1E,Orleans (Queenswood),Ontario,ON,45.4771,-75.5046
K1J,Gloucester (Beacon Hill / Cyrville),Ontario,ON,45.4519,-75.6036
K1T,Gloucester (Blossom Park / Hunt Club East / Leitrim),Ontario,ON,45.3295,-75.6156
K1W,Gloucester (South Orleans),Ontario,ON,45.4365,-75.5158
K1X,Gloucester South,Ontario,ON,45.2756,-75.6283
K2E,Nepean East,Ontario,ON,45.3438,-75.7157
K2G,Nepean (Davidson Heights),Ontario,ON,45.3211,-75.7391
K2H,Nepean (Bells Corners),Ontario,ON,45.3433,-75.8265
K2J,Nepean (Barrhaven),Ontario,ON,45.2691,-75.7518
K2K,Kanata (Beaverbrook / South March),Ontario,ON,45.3704,-75.9198
K2L,Kanata (Katimavik-Hazeldean / Glen Cairn),Ontario,ON,45.3001,-75.9244
K2M,Kanata (Bridlewood),Ontario,ON,45.2861,-75.8562
K2R,Nepean (Fallowfield Village / Cedarhill Estates / Orchard Estates),Ontario,ON,45.2899,-75.8126
K2S,Stittsville,Ontario,ON,45.2501,-75.9161
K2T,Kanata (Marchwood),Ontario,ON,45.317,-75.9367
K2V,Kanata (Terry Fox / Palladium),Ontario,ON,45.2854,-75.8928
K2W,Kanata (North March),Ontario,ON,45.3699,-75.9887
K4A,Orleans (Fallingbrook),Ontario,ON,45.4697,-75.4715
K4B,Cumberland Township,Ontario,ON,45.4101,-75.3638
K4C,Cumberland,Ontario,ON,45.498,-75.3916
K4K,Rockland,Ontario,ON,45.5501,-75.291
K4M,Manotick,Ontario,ON,45.2154,-75.6528
K4P,Greely,Ontario,ON,45.2434,-75.5674
K4R,Russell,Ontario,ON,45.2388,-75.3527
K6A,Hawkesbury,Ontario,ON,45.6001,-74.616
K6H,Cornwall East,Ontario,ON,45.0565,-74.6852
K6J,Cornwall West,Ontario,ON,45.0223,-74.7569
K6K,Cornwall North,Ontario,ON,45.061,-74.7774
K6T,Elizabethtown,Ontario,ON,44.6301,-75.7448
K6V,Brockville,Ontario,ON,44.6573,-75.7146
K7A,Smiths Falls,Ontario,ON,44.9001,-76.0161
K7C,Carleton Place,Ontario,ON,45.1334,-76.1494
K7G,Gananoque,Ontario,ON,44.3334,-76.1661
K7H,Perth,Ontario,ON,44.9001,-76.2494
K7K,Kingston (SW Pittsburgh Township),Ontario,ON,44.2569,-76.4717
K7L,Kingston (Downtown),Ontario,ON,44.2955,-76.428
K7M,Kingston (Reddendale / Cataraqui / Collins Bay),Ontario,ON,44.2411,-76.5788
K7N,Amherstview,Ontario,ON,44.2224,-76.65
K7P,Kingston (Westbrook / Cataraqui Woods / Cedarwood),Ontario,ON,44.2814,-76.6111
K7R,Napanee,Ontario,ON,44.2501,-76.9494
K7S,Arnprior,Ontario,ON,45.4334,-76.3494
K7V,Renfrew,Ontario,ON,45.4668,-76.6827
K8A,Pembroke Central and northern subdivisions,Ontario,ON,45.7466,-77.2047
K8B,Pembroke (Pleasant View / Fairview),Ontario,ON,45.808,-77.0806
K8H,Petawawa,Ontario,ON,45.8945,-77.2801
K8N,Belleville East,Ontario,ON,44.1735,-77.3684
K8P,Belleville West,Ontario,ON,44.1665,-77.4037
K8R,Belleville (SE Sidney Township / Avondale),Ontario,ON,44.1399,-77.4683
K8V,Trenton,Ontario,ON,44.0992,-77.5776
K9A,Cobourg,Ontario,ON,43.9598,-78.1651
K9H,Peterborough North,Ontario,ON,44.3245,-78.3184
K9J,Peterborough South,Ontario,ON,44.3104,-78.2396
K9K,Peterborough (Fairbairn Meadows / Jackson Heights),Ontario,ON,44.3138,-78.3606
K9L,Peterborough (Terra View Heights / Woodland Acres / Donwood),Ontario,ON,44.3552,-78.3199
K9V,Lindsay,Ontario,ON,44.3501,-78.7329
L0A,West Northumberland County (Millbrook),Ontario,ON,44.1263,-78.5193
L0B,East Durham Regional Municipality (Orono),Ontario,ON,44.0773,-78.7465
L0C,West Durham Regional Municipality (Sunderland),Ontario,ON,44.2094,-79.0725
L0E,Lake Simcoe Southeast Shore (Sutton West),Ontario,ON,44.3199,-79.2778
L0G,Ontario Centre (Queensville),Ontario,ON,44.0586,-79.6235
L0H,Whitby Region (Gormley),Ontario,ON,43.9023,-79.1554
L0J,North Peel Regional Municipality (Kleinburg),Ontario,ON,43.8566,-79.6485
L0K,Lake Simcoe North Shore (Coldwater),Ontario,ON,44.6233,-79.1235
L0L,Lake Simcoe West Shore (Oro),Ontario,ON,44.4548,-79.7352
L0M,Georgian Bay South Shore (Angus),Ontario,ON,44.3269,-80.0333
L0R,East Haldimand County (Waterdown),Ontario,ON,43.1607,-79.7463
L0S,Niagara Regional Municipality (Fonthill),Ontario,ON,42.9071,-79.0832
L0V,Westminster Abbey,Ontario,ON,45.4689,-75.0079
L1A,Port Hope,Ontario,ON,44.0168,-78.3995
L1B,Bowmanville East,Ontario,ON,43.9235,-78.5457
L1C,Bowmanville West,Ontario,ON,43.9714,-78.7095
L1E,Courtice,Ontario,ON,43.8969,-78.7683
L1G,Oshawa Central,Ontario,ON,43.9233,-78.8684
L1H,Oshawa Southeast,Ontario,ON,43.9721,-78.8837
L1J,Oshawa Southwest,Ontario,ON,43.8852,-78.8771
L1K,Oshawa East,Ontario,ON,43.9251,-78.8287
L1L,Oshawa North,Ontario,ON,43.9581,-78.8972
L1M,Whitby North,Ontario,ON,43.9566,-78.9779
L1N,Whitby Southeast,Ontario,ON,43.8721,-78.9273
L1P,Whitby Southwest,Ontario,ON,43.8866,-78.975
L1R,Whitby Central,Ontario,ON,43.9215,-78.9412
L1S,Ajax Southwest,Ontario,ON,43.8404,-79.0251
L1T,Ajax Northwest,Ontario,ON,43.8843,-79.0534
L1V,Pickering Southwest,Ontario,ON,43.8605,-79.1618
L1W,Pickering South,Ontario,ON,43.8197,-79.0803
L1X,Pickering Central,Ontario,ON,43.8558,-79.0972
L1Y,Pickering North,Ontario,ON,43.9555,-79.1194
L1Z,Ajax East,Ontario,ON,43.8773,-79.0055
L2A,Fort Erie,Ontario,ON,42.9001,-78.9329
L2E,Niagara Falls Central,Ontario,ON,43.0537,-79.1018
L2G,Niagara Falls Southeast,Ontario,ON,43.0696,-79.0818
L2H,Niagara Falls West,Ontario,ON,43.1009,-79.1379
L2J,Niagara Falls North,Ontario,ON,43.1296,-79.1034
L2M,St. Catharines Northeast,Ontario,ON,43.196,-79.2161
L2N,St. Catharines Northwest,Ontario,ON,43.1923,-79.2559
L2P,St. Catharines East,Ontario,ON,43.1527,-79.2091
L2R,St. Catharines Central,Ontario,ON,43.1419,-79.2966
L2S,St. Catharines Southwest,Ontario,ON,43.1447,-79.2634
L2T,St. Catharines South,Ontario,ON,43.1313,-79.2317
L2V,St. Catharines Southeast,Ontario,ON,43.1142,-79.2035
L2W,St. Catharines West,Ontario,ON,43.1688,-79.2794
L3B,Welland East,Ontario,ON,42.9878,-79.2219
L3C,Welland West,Ontario,ON,42.9998,-79.2656
L3K,Port Colborne,Ontario,ON,42.9001,-79.2329
L3M,Grimsby,Ontario,ON,43.2001,-79.5663
L3P,Markham Central,Ontario,ON,43.8769,-79.2686
L3R,Markham Outer Southwest,Ontario,ON,43.8479,-79.3288
L3S,Markham Southeast,Ontario,ON,43.8486,-79.2617
L3T,Thornhill East,Ontario,ON,43.8227,-79.3946
L3V,Orillia,Ontario,ON,44.6087,-79.4207
L3X,Newmarket Southwest,Ontario,ON,44.0433,-79.4912
L3Y,Newmarket Northeast,Ontario,ON,44.0565,-79.4555
L3Z,Bradford,Ontario,ON,44.1168,-79.5663
L4A,Stouffville,Ontario,ON,43.9668,-79.2496
L4B,Richmond Hill Southeast,Ontario,ON,43.8582,-79.3985
L4C,Richmond Hill Southwest,Ontario,ON,43.8669,-79.4414
L4E,Richmond Hill North,Ontario,ON,43.9394,-79.4349
L4G,Aurora,Ontario,ON,44.0001,-79.4663
L4H,Woodbridge North,Ontario,ON,43.8432,-79.5644
L4J,Thornhill West,Ontario,ON,43.8156,-79.4534
L4K,Concord,Ontario,ON,43.8001,-79.4829
L4L,Woodbridge South,Ontario,ON,43.8064,-79.5995
L4M,Barrie North,Ontario,ON,44.4001,-79.6663
L4N,Barrie South,Ontario,ON,44.3572,-79.6929
L4P,Keswick,Ontario,ON,44.2501,-79.4663
L4R,Midland,Ontario,ON,44.7501,-79.883
L4S,Richmond Hill Central,Ontario,ON,43.8985,-79.4143
L4T,Mississauga (Malton),Ontario,ON,43.7139,-79.6434
L4V,Mississauga (Wildwood),Ontario,ON,43.6935,-79.6069
L4W,Mississauga (Matheson / East Rathwood),Ontario,ON,43.6413,-79.6296
L4X,Mississauga (East Applewood / East Dixie / NE Lakeview),Ontario,ON,43.6178,-79.5786
L4Y,Mississauga (West Applewood / West Dixie / NW Lakeview),Ontario,ON,43.6028,-79.5929
L4Z,Mississauga (West Rathwood / East Hurontario / SE Gateway),Ontario,ON,43.6192,-79.6538
L5A,Mississauga (Mississauga Valleys / East Cooksville),Ontario,ON,43.5883,-79.6091
L5B,Mississauga (West Cooksville / Fairview / City Centre / East Creditview),Ontario,ON,43.5771,-79.6306
L5C,Mississauga (West Creditview / Mavis / Erindale),Ontario,ON,43.5624,-79.6504
L5E,Mississauga (Central Lakeview),Ontario,ON,43.5836,-79.561
L5G,Mississauga (SW Lakeview / Mineola / East Port Credit),Ontario,ON,43.5647,-79.5852
L5H,Mississauga (West Port Credit / Lorne Park / East Sheridan),Ontario,ON,43.5419,-79.6164
L5J,Mississauga (Clarkson / Southdown),Ontario,ON,43.5102,-79.6296
L5K,Mississauga (West Sheridan),Ontario,ON,43.5272,-79.6617
L5L,Mississauga (Erin Mills / Western Business Park),Ontario,ON,43.5373,-79.6903
L5M,Mississauga (Churchill Meadows / Central Erin Mills / South Streetsville),Ontario,ON,43.5637,-79.7202
L5N,Mississauga (Lisgar / Meadowvale),Ontario,ON,43.5924,-79.7611
L5P,Mississauga (YYZ),Ontario,ON,43.6904,-79.6238
L5R,Mississauga (West Hurontario / SW Gateway),Ontario,ON,43.606,-79.6708
L5S,Mississauga (Cardiff / NE Gateway),Ontario,ON,43.6801,-79.6783
L5T,Mississauga (Courtney Park / East Gateway),Ontario,ON,43.6683,-79.6182
L5V,Mississauga (East Credit),Ontario,ON,43.5972,-79.6931
L5W,Mississauga (Meadowvale Village / West Gateway),Ontario,ON,43.6313,-79.7148
L6A,Maple,Ontario,ON,43.8501,-79.5163
L6B,Markham East,Ontario,ON,43.9007,-79.2175
L6C,Markham Northwest,Ontario,ON,43.9045,-79.3392
L6E,Markham Northeast,Ontario,ON,43.9002,-79.2676
L6G,Markham Inner Southwest,Ontario,ON,43.8485,-79.3346
L6H,Oakville North,Ontario,ON,43.4881,-79.7098
L6J,Oakville Northeast,Ontario,ON,43.4757,-79.6591
L6K,Oakville East,Ontario,ON,43.4396,-79.6878
L6L,Oakville South,Ontario,ON,43.4032,-79.7186
L6M,Oakville West,Ontario,ON,43.4464,-79.7593
L6P,Brampton North,Ontario,ON,43.7942,-79.7021
L6R,Brampton Northwest,Ontario,ON,43.7592,-79.7605
L6S,Brampton North Central,Ontario,ON,43.7379,-79.726
L6T,Brampton East,Ontario,ON,43.7196,-79.6854
L6V,Brampton Central,Ontario,ON,43.7059,-79.7626
L6W,Brampton Southeast,Ontario,ON,43.68,-79.7273
L6X,Brampton Southwest,Ontario,ON,43.6665,-79.8054
L6Y,Brampton South,Ontario,ON,43.6249,-79.7876
L6Z,Brampton West Central,Ontario,ON,43.7328,-79.7953
L7A,Brampton West,Ontario,ON,43.6909,-79.8377
L7B,King City,Ontario,ON,43.9286,-79.5269
L7C,Caledon,Ontario,ON,43.8753,-79.8558
L7E,Bolton,Ontario,ON,43.8795,-79.7379
L7G,Georgetown,Ontario,ON,43.6501,-79.9163
L7J,Acton,Ontario,ON,43.6297,-80.0415
L7K,Caledon Village,Ontario,ON,43.8602,-79.996
L7L,Burlington Northeast,Ontario,ON,43.3799,-79.7668
L7M,Burlington North,Ontario,ON,43.4342,-79.8701
L7N,Burlington East,Ontario,ON,43.3512,-79.784
L7P,Burlington West,Ontario,ON,43.3806,-79.886
L7R,Burlington Southeast,Ontario,ON,43.375,-79.8434
L7S,Burlington South,Ontario,ON,43.323,-79.8092
L7T,Burlington Southwest,Ontario,ON,43.3081,-79.8507
L8B,Waterdown,Ontario,ON,43.3334,-79.8829
L9G,Ancaster West,Ontario,ON,43.1836,-79.9902
L9H,Dundas,Ontario,ON,43.2638,-79.9524
L9J,Barrie,Ontario,ON,44.3186,-79.6761
L9K,Ancaster East,Ontario,ON,43.225,-79.9427
L9L,Port Perry,Ontario,ON,44.1068,-78.9444
L9M,Penetanguishene,Ontario,ON,44.7834,-79.9164
L9N,Holland Landing,Ontario,ON,44.1149,-79.5014
L9P,Uxbridge,Ontario,ON,44.1001,-79.1163
L9R,Alliston,Ontario,ON,44.1501,-79.8663
L9S,Innisfil,Ontario,ON,44.3001,-79.6496
L9T,Milton,Ontario,ON,43.5148,-79.884
L9V,Orangeville North,Ontario,ON,43.9597,-80.1079
L9W,Orangeville South,Ontario,ON,43.9702,-80.016
L9X,Midhurst,Ontario,ON,44.4438,-79.7318
L9X,Springwater,Ontario,ON,44.4954,-79.8503
L9X,Barrie,Ontario,ON,44.4001,-79.6663
L9X,Minesing,Ontario,ON,44.4334,-79.833
L9Y,Collingwood,Ontario,ON,44.4834,-80.2164
L9Z,Wasaga Beach,Ontario,ON,44.5168,-80.0164
M1B,Scarborough (Malvern / Rouge River),Ontario,ON,43.8113,-79.193
M1C,Scarborough (Rouge Hill / Port Union / Highland Creek),Ontario,ON,43.7878,-79.1564
M1E,Scarborough (Guildwood / Morningside / Ellesmere),Ontario,ON,43.7678,-79.1866
M1G,Scarborough (Woburn),Ontario,ON,43.7712,-79.2144
M1H,Scarborough (Cedarbrae),Ontario,ON,43.7686,-79.2389
M1J,Scarborough (Eglinton),Ontario,ON,43.7464,-79.2323
M1K,Scarborough (Kennedy Park / Ionview / East Birchmount Park),Ontario,ON,43.7298,-79.2639
M1L,Scarborough (The Golden Mile / Clairlea / Oakridge / Birchmount Park East),Ontario,ON,43.7122,-79.2843
M1M,Scarborough (Cliffside / Cliffcrest / Scarborough Village West),Ontario,ON,43.7247,-79.2312
M1N,Scarborough (Birch Cliff / Cliffside West),Ontario,ON,43.6952,-79.2646
M1P,Scarborough (Dorset Park / Wexford Heights / Scarborough Town Centre),Ontario,ON,43.7612,-79.2707
M1R,Scarborough (Wexford / Maryvale),Ontario,ON,43.7507,-79.3003
M1S,Scarborough (Agincourt),Ontario,ON,43.7946,-79.2644
M1T,Scarborough (Clarks Corners / Tam O'Shanter / Sullivan),Ontario,ON,43.7812,-79.3036
M1V,Scarborough (Milliken / Agincourt North / Steeles East / L'Amoreaux East),Ontario,ON,43.8177,-79.2819
M1W,Scarborough (Steeles West / L'Amoreaux West),Ontario,ON,43.8016,-79.3216
M1X,Scarborough (Upper Rouge),Ontario,ON,43.834,-79.2069
M2H,North York (Hillcrest Village),Ontario,ON,43.8015,-79.3577
M2J,North York (Fairview / Henry Farm / Oriole),Ontario,ON,43.7801,-79.3479
M2K,North York (Bayview Village),Ontario,ON,43.7797,-79.3813
M2L,North York (York Mills / Silver Hills),Ontario,ON,43.7547,-79.3764
M2M,Willowdale East (Newtonbrook),Ontario,ON,43.7915,-79.4103
M2N,Willowdale South,Ontario,ON,43.7673,-79.4111
M2P,North York (York Mills West),Ontario,ON,43.75,-79.3978
M2R,Willowdale West,Ontario,ON,43.7786,-79.445
M3A,North York (York Heights / Victoria Village / Parkway East),Ontario,ON,43.7545,-79.33
M3B,Don Mills North,Ontario,ON,43.745,-79.359
M3C,Don Mills South (Flemingdon Park),Ontario,ON,43.7334,-79.3329
M3H,North York (Armour Heights / Wilson Heights / Downsview North),Ontario,ON,43.7535,-79.4472
M3J,North York (Northwood Park / York University),Ontario,ON,43.7694,-79.4921
M3L,Downsview West,Ontario,ON,43.7334,-79.5116
M3M,Downsview Central,Ontario,ON,43.7319,-79.4928
M3N,North York (Jane and Finch),Ontario,ON,43.7568,-79.521
M4A,North York (Sweeney Park / Wigmore Park),Ontario,ON,43.7276,-79.3148
M4B,East York (Parkview Hill / Woodbine Gardens),Ontario,ON,43.7063,-79.3094
M4C,East York (Woodbine Heights),Ontario,ON,43.6913,-79.3116
M4G,East York (Leaside),Ontario,ON,43.7124,-79.3644
M4H,East York (Thorncliffe Park),Ontario,ON,43.7059,-79.3464
M5M,North York (Bedford Park / Lawrence Park West / Lawrence Manor East),Ontario,ON,43.7335,-79.4177
M6A,North York (Lawrence Manor / Lawrence Heights),Ontario,ON,43.7223,-79.4504
M6B,North York (Glencairn),Ontario,ON,43.7081,-79.4479
M6C,York (Cedarvale),Ontario,ON,43.6915,-79.4307
M6E,York (Fairbank / Oakwood),Ontario,ON,43.6889,-79.4507
M6L,North York (North Park / Maple Leaf Park / Upwood Park),Ontario,ON,43.7137,-79.4869
M6M,York (Del Ray / Keelsdale / Mount Dennis / Silverthorne),Ontario,ON,43.6934,-79.4857
M6N,York (Runnymede / The Junction North),Ontario,ON,43.6748,-79.4839
M7A,Queen's Park Ontario Provincial Government,Ontario,ON,43.6641,-79.3889
M8W,Etobicoke (Alderwood / Long Branch),Ontario,ON,43.6021,-79.5402
M8X,Etobicoke (The Kingsway / Montgomery Road / Old Mill North),Ontario,ON,43.6518,-79.5076
M8Y,Etobicoke (Old Mill South / King's Mill Park / Sunnylea / Humber Bay / Mimico NE / The Queensway East / Royal York South East / Kingsway Park South East),Ontario,ON,43.6325,-79.4939
M8Z,Etobicoke (Mimico NW / The Queensway West / South of Bloor / Kingsway Park South West / Royal York South West),Ontario,ON,43.6256,-79.5231
M9A,Etobicoke (Islington Avenue),Ontario,ON,43.6662,-79.5282
M9B,Etobicoke (West Deane Park / Princess Gardens / Martin Grove / Islington / Cloverdale),Ontario,ON,43.6505,-79.5517
M9C,Etobicoke (Eringate / Bloordale Gardens / Old Burnhamthorpe / Markland Woods),Ontario,ON,43.6437,-79.5767
M9L,North York (Humber Summit),Ontario,ON,43.7598,-79.5565
M9M,North York (Humberlea / Emery),Ontario,ON,43.7366,-79.5401
M9N,Weston,Ontario,ON,43.7068,-79.517
M9P,Etobicoke (Westmount),Ontario,ON,43.6949,-79.5323
M9R,Etobicoke (Kingsview Village / St. Phillips / Martin Grove Gardens / Richview Gardens),Ontario,ON,43.6898,-79.5582
M9V,Etobicoke (South Steeles / Silverstone / Humbergate / Jamestown / Mount Olive / Beaumond Heights / Thistletown / Albion Gardens),Ontario,ON,43.7432,-79.5876
M9W,Etobicoke Northwest (Clairville / Humberwood / Woodbine Downs / West Humber / Kipling Heights / Rexdale / Elms / Tandridge / Old Rexdale),Ontario,ON,43.7144,-79.5909
N0A,West Haldimand (Port Dover),Ontario,ON,42.9403,-79.945
N0B,Wellington (Elora),Ontario,ON,43.5569,-80.4414
N0C,Georgian Bay Southwest Shore (Dundalk),Ontario,ON,44.2561,-80.5029
N0E,Brant and Norfolk (Waterford),Ontario,ON,42.6618,-80.5572
N0G,Huron (Wingham),Ontario,ON,44.0024,-81.0676
N0H,Bruce Peninsula (Wiarton),Ontario,ON,44.6941,-81.0962
N0J,Oxford (Norwich),Ontario,ON,42.9775,-80.7057
N0K,Perth (Mitchell),Ontario,ON,43.5067,-81.1582
N0L,Elgin (Dorchester),Ontario,ON,42.7557,-81.4533
N0M,Middlesex (Clinton),Ontario,ON,43.2788,-81.5442
N0N,Lambton (Forest),Ontario,ON,42.9062,-82.11
N0P,Kent (Blenheim),Ontario,ON,42.4045,-81.9107
N0R,Essex (Belle River),Ontario,ON,42.1783,-82.7715
N1A,Dunnville,Ontario,ON,42.9001,-79.6163
N1C,Guelph South,Ontario,ON,43.4921,-80.2267
N1E,Guelph North,Ontario,ON,43.5677,-80.2418
N1G,Guelph Central,Ontario,ON,43.5184,-80.2257
N1H,Guelph Northwest,Ontario,ON,43.5588,-80.3004
N1K,Guelph West,Ontario,ON,43.526,-80.3051
N1L,Guelph East,Ontario,ON,43.516,-80.19
N1M,Fergus,Ontario,ON,43.7001,-80.3664
N1P,Cambridge South,Ontario,ON,43.3398,-80.2955
N1R,Cambridge Central,Ontario,ON,43.3666,-80.2239
N1S,Cambridge Southwest,Ontario,ON,43.3592,-80.3347
N1T,Cambridge East,Ontario,ON,43.3849,-80.2833
N2A,Kitchener East,Ontario,ON,43.4413,-80.4246
N2B,Kitchener Northeast,Ontario,ON,43.4646,-80.4467
N2C,Kitchener South Central,Ontario,ON,43.4182,-80.4451
N2E,Kitchener Southwest,Ontario,ON,43.4106,-80.5011
N2G,Kitchener Central,Ontario,ON,43.4443,-80.4891
N2H,Kitchener North Central,Ontario,ON,43.4581,-80.4818
N2J,Waterloo Southeast,Ontario,ON,43.504,-80.5366
N2K,Kitchener North,Ontario,ON,43.4961,-80.4936
N2L,Waterloo South,Ontario,ON,43.4715,-80.5454
N2M,Kitchener Northwest,Ontario,ON,43.4363,-80.5093
N2N,Kitchener West,Ontario,ON,43.426,-80.5438
N2P,Kitchener Southeast,Ontario,ON,43.3878,-80.4296
N2R,Kitchener South,Ontario,ON,43.3849,-80.487
N2T,Waterloo Southwest,Ontario,ON,43.453,-80.5692
N2V,Waterloo Northwest,Ontario,ON,43.4764,-80.5842
N2Z,Kincardine,Ontario,ON,44.1664,-81.601
N3A,Baden,Ontario,ON,43.4001,-80.6497
N3B,Elmira,Ontario,ON,43.6001,-80.5497
N3C,Cambridge Northeast,Ontario,ON,43.4389,-80.2649
N3E,Cambridge Northwest,Ontario,ON,43.4193,-80.3505
N3H,Cambridge West,Ontario,ON,43.4267,-80.3699
N3L,Paris,Ontario,ON,43.2,-80.3833
N3W,Caledonia,Ontario,ON,43.0668,-79.9329
N3Y,Simcoe,Ontario,ON,42.8334,-80.2997
N4B,Delhi,Ontario,ON,42.8501,-80.4997
N4G,Tillsonburg,Ontario,ON,42.8599,-80.7262
N4K,Owen Sound,Ontario,ON,44.5672,-80.9435
N4L,Meaford,Ontario,ON,44.6001,-80.583
N4N,Hanover,Ontario,ON,44.1501,-81.033
N4S,Woodstock Central,Ontario,ON,43.1432,-80.7338
N4T,Woodstock North,Ontario,ON,43.1485,-80.7319
N4V,Woodstock South,Ontario,ON,43.115,-80.743
N4W,Listowel,Ontario,ON,43.7334,-80.9497
N4X,St. Mary's,Ontario,ON,43.2655,-81.1687
N4Z,Stratford South,Ontario,ON,43.3634,-81.0069
N5A,Stratford North,Ontario,ON,43.3668,-80.9497
N5C,Ingersoll,Ontario,ON,43.0334,-80.883
N5H,Aylmer,Ontario,ON,42.7668,-80.983
N5L,Port Stanley,Ontario,ON,42.6668,-81.2164
N5P,St. Thomas North,Ontario,ON,42.7779,-81.1769
N5R,St. Thomas South,Ontario,ON,42.7597,-81.1762
N5V,London (YXU / North and East Argyle / East Huron Heights),Ontario,ON,43.0233,-81.1643
N5W,London East (SW Argyle / Hamilton Road),Ontario,ON,42.9856,-81.1821
N5X,London (Fanshawe / Stoneybrook / Stoney Creek / Uplands / East Masonville),Ontario,ON,43.0443,-81.2391
N5Y,London (West Huron Heights / Carling),Ontario,ON,43.0123,-81.2307
N5Z,London (Glen Cairn),Ontario,ON,42.966,-81.2053
N6A,London North (UWO),Ontario,ON,42.9976,-81.2563
N6B,London Central,Ontario,ON,42.9835,-81.2386
N6C,London South (East Highland / North White Oaks / North Westminster),Ontario,ON,42.9582,-81.238
N6E,London (South White Oaks / Central Westminster / East Longwoods / West Brockley),Ontario,ON,42.9185,-81.2244
N6G,London (Sunningdale / West Masonville / Medway / NE Hyde Park / East Fox Hollow),Ontario,ON,43.0147,-81.3049
N6H,London West (Central Hyde Park / Oakridge),Ontario,ON,42.9915,-81.3402
N6J,London (Southcrest / East Westmount / West Highland),Ontario,ON,42.9546,-81.2735
N6K,London (Riverbend / Woodhull / North Sharon Creek / Byron / West Westmount),Ontario,ON,42.9536,-81.3418
N6L,London (East Tempo),Ontario,ON,42.8719,-81.2472
N6M,London (Jackson / Old Victoria / Bradley / North Highbury),Ontario,ON,42.9632,-81.1392
N6N,London (South Highbury / Glanworth / East Brockley / SE Westminster),Ontario,ON,42.8997,-81.1592
N6P,London (Talbot / Lambeth / West Tempo / South Sharon Creek),Ontario,ON,42.8909,-81.3236
N7A,Goderich,Ontario,ON,43.7501,-81.7165
N7G,Strathroy,Ontario,ON,42.9551,-81.6223
N7L,Chatham Northwest,Ontario,ON,42.4209,-82.1993
N7M,Chatham Southeast,Ontario,ON,42.4238,-82.1183
N7S,Sarnia Central,Ontario,ON,42.9888,-82.3592
N7T,Sarnia Southwest,Ontario,ON,42.9578,-82.2777
N7V,Sarnia Northwest,Ontario,ON,42.9998,-82.3926
N7W,Sarnia Southeast,Ontario,ON,42.9644,-82.3259
N7X,Sarnia Northeast,Ontario,ON,43.0214,-82.3212
N8A,Wallaceburg,Ontario,ON,42.593,-82.3885
N8H,Leamington,Ontario,ON,42.0549,-82.6062
N8M,Essex,Ontario,ON,42.1751,-82.8248
N8N,Tecumseh Outskirts,Ontario,ON,42.2946,-82.8667
N8P,Windsor (East Riverside),Ontario,ON,42.3276,-82.9104
N8R,Windsor (East Forest Glade),Ontario,ON,42.3067,-82.915
N8S,Windsor (Riverside),Ontario,ON,42.3283,-82.9472
N8T,Windsor (West Forest Glade / East Fontainbleu),Ontario,ON,42.3037,-82.9459
N8V,Tecumseh (YQG),Ontario,ON,42.2773,-82.9447
N8W,Windsor (South Walkerville / West Fontainbleu / Walker Farm / Devonshire),Ontario,ON,42.2836,-82.9771
N8X,Windsor South Central (West Walkerville / Remington Park),Ontario,ON,42.2926,-83.0186
N8Y,Windsor East (East Walkerville),Ontario,ON,42.3176,-82.9929
N9A,Windsor (City Centre / NW Walkerville),Ontario,ON,42.2007,-83.0276
N9B,Windsor (University / South Cameron),Ontario,ON,42.2949,-83.052
N9C,Windsor (Sandwich / Ojibway / West Malden),Ontario,ON,42.2767,-83.0793
N9E,Windsor South (East Malden),Ontario,ON,42.2652,-83.0314
N9G,Windsor (Roseland),Ontario,ON,42.2481,-82.9952
N9H,La Salle East,Ontario,ON,42.2318,-83.0281
N9J,La Salle West,Ontario,ON,42.2187,-83.0801
N9K,Tecumseh Central,Ontario,ON,42.2978,-82.8701
N9V,Amherstburg,Ontario,ON,42.1168,-83.0498
N9Y,Kingsville,Ontario,ON,42.0502,-82.7598
P0A,Nipissing Central (Burk's Falls),Ontario,ON,45.5881,-79.3546
P0B,Nipissing South (Utterson),Ontario,ON,45.1863,-79.4115
P0C,Parry Sound Mid-Shore (Bala),Ontario,ON,45.1275,-79.786
P0E,Parry Sound South Shore (Kilworthy),Ontario,ON,44.8608,-79.5069
P0G,Parry Sound North Shore (Nobel),Ontario,ON,45.6718,-80.3688
P0H,Nipissing North (Callander),Ontario,ON,46.3109,-79.3617
P0J,Timiskaming South (Temiskaming Shores),Ontario,ON,47.5776,-80.2036
P0K,Timiskaming North (Iroquois Falls A),Ontario,ON,48.5234,-80.3081
P0L,Cochrane Region (Hearst),Ontario,ON,51.97,-83.5369
P0M,Algoma  Sudbury District and Greater Sudbury (Chelmsford),Ontario,ON,47.6526,-82.4753
P0N,Timmins Region (South Porcupine),Ontario,ON,48.6027,-81.0115
P0P,Manitoulin (Little Current),Ontario,ON,45.7565,-82.2151
P0S,Lake Superior East Shore (Wawa),Ontario,ON,48.048,-84.6727
P0T,Lake Superior North Shore (Marathon),Ontario,ON,49.2924,-88.756
P0V,Northwestern Ontario (Red Lake),Ontario,ON,52.9648,-90.1505
P0W,Rainy River Region (Emo),Ontario,ON,48.875,-93.7522
P0X,Kenora Region (Keewatin),Ontario,ON,50.9293,-93.3095
P0Y,Lake of the Woods East Shore (Ingolf),Ontario,ON,49.7603,-95.1003
P1A,North Bay South,Ontario,ON,46.2801,-79.4502
P1B,North Bay Central,Ontario,ON,46.3364,-79.583
P1C,North Bay North,Ontario,ON,46.3397,-79.4223
P1H,Huntsville,Ontario,ON,45.3334,-79.2163
P1L,Bracebridge,Ontario,ON,45.0334,-79.3163
P1P,Gravenhurst,Ontario,ON,44.9168,-79.3663
P2A,Parry Sound,Ontario,ON,45.3501,-80.033
P2B,Sturgeon Falls,Ontario,ON,46.3668,-79.9164
P2N,Kirkland Lake,Ontario,ON,48.1446,-80.0377
P3A,Greater Sudbury (New Sudbury),Ontario,ON,46.5187,-80.934
P3B,Greater Sudbury (Downtown / Minnow Lake),Ontario,ON,46.4847,-80.9304
P3C,Greater Sudbury (Gatchell / West End / Little Britain),Ontario,ON,46.5133,-81.0225
P3E,Greater Sudbury (Robinson / Lockerby),Ontario,ON,46.2676,-80.9063
P3G,Greater Sudbury (Lo-Ellen / McFarlane Lake),Ontario,ON,46.4031,-80.9745
P3L,Greater Sudbury (Garson),Ontario,ON,46.5942,-80.85
P3N,Greater Sudbury (Val Caron),Ontario,ON,46.5845,-81.0029
P3P,Greater Sudbury (Hanmer),Ontario,ON,46.7259,-81.0166
P3Y,Greater Sudbury (Lively),Ontario,ON,46.4431,-81.127
P4N,Timmins Southeast,Ontario,ON,48.4669,-81.3331
P4P,Timmins North,Ontario,ON,48.4985,-81.3448
P4R,Timmins West,Ontario,ON,48.4702,-81.3997
P5A,Elliot Lake,Ontario,ON,46.3834,-82.6332
P5E,Espanola,Ontario,ON,46.2584,-81.7665
P5N,Kapuskasing,Ontario,ON,49.4169,-82.4331
P6A,Sault Ste. Marie East,Ontario,ON,46.5168,-84.3333
P6B,Sault Ste. Marie Central,Ontario,ON,46.5307,-84.3046
P6C,Sault Ste. Marie North,Ontario,ON,46.5353,-84.3732
P7A,Thunder Bay Northeast,Ontario,ON,48.4601,-89.2035
P7B,Thunder Bay North Central,Ontario,ON,48.9475,-89.4063
P7C,Thunder Bay Central,Ontario,ON,48.352,-89.4649
P7E,Thunder Bay South Central,Ontario,ON,48.3684,-89.284
P7G,Thunder Bay North,Ontario,ON,48.4001,-89.3168
P7J,Thunder Bay South,Ontario,ON,48.2834,-89.3668
P7K,Thunder Bay West,Ontario,ON,48.3728,-89.3484
P7L,Neebing,Ontario,ON,48.1668,-89.4168
P8N,Dryden,Ontario,ON,49.7833,-92.7503
P8T,Sioux Lookout,Ontario,ON,50.0668,-91.9836
P9A,Fort Frances,Ontario,ON,48.6393,-93.4469
P9N,Kenora,Ontario,ON,49.7573,-94.3427
C0B,Prince County (Portage),Prince Edward Island,PE,46.6023,-63.9583
C0A,Montague,Prince Edward Island,PE,46.1668,-62.6487
C0A,Kings and Queens counties (Elmira),Prince Edward Island,PE,46.1668,-62.6487
C1A,Charlottetown Southeast Prince Edward Island Provincial Government,Prince Edward Island,PE,46.2716,-63.0165
C1B,Stratford,Prince Edward Island,PE,46.2179,-63.0795
C1C,Charlottetown North,Prince Edward Island,PE,46.2645,-63.0842
C1E,Charlottetown West,Prince Edward Island,PE,46.3451,-63.2011
C1N,Summerside,Prince Edward Island,PE,46.3959,-63.7876
G4W,Matane,Quebec,QC,48.8286,-67.522
G5H,Mont-Joli,Quebec,QC,48.5839,-68.1921
G5J,Amqui,Quebec,QC,48.4638,-67.4313
G5L,Rimouski Central,Quebec,QC,48.416,-68.5979
G5M,Rimouski Northeast,Quebec,QC,48.4966,-68.458
G5N,Rimouski Southwest,Quebec,QC,48.3668,-68.4659
G5R,Rivi̬re-du-Loup,Quebec,QC,47.8304,-69.5342
G7P,Saint-Ambroise,Quebec,QC,48.5501,-71.3158
G8B,Alma Southeast,Quebec,QC,48.5548,-71.673
G8C,Alma Southwest,Quebec,QC,48.5278,-71.6364
G8E,Alma North,Quebec,QC,48.6377,-71.6957
G8H,Roberval,Quebec,QC,48.5168,-72.2324
G8J,Saint-Prime,Quebec,QC,48.5834,-72.3324
G8K,Saint-F̩licien,Quebec,QC,48.6501,-72.4491
G8L,Dolbeau-Mistassini,Quebec,QC,48.8763,-72.212
G8M,Albanel,Quebec,QC,48.8832,-72.4487
G8N,H̩bertville,Quebec,QC,48.3473,-71.6786
G0A,Capitale-Nationale (Stoneham),Quebec,QC,47.3507,-71.202
G1A,Quebec Provincial Government,Quebec,QC,46.8588,-71.192
G1J,Quebec City Lower Riverbank,Quebec,QC,46.838,-71.2232
G1K,Quebec City Mid-Riverbank,Quebec,QC,46.814,-71.2194
G1L,Quebec City Northeast,Quebec,QC,46.8304,-71.2455
G1M,Quebec City North Central,Quebec,QC,46.8183,-71.2706
G1N,Quebec City South Central,Quebec,QC,46.8035,-71.2639
G1P,Quebec City West,Quebec,QC,46.8097,-71.3102
G1R,Quebec City East,Quebec,QC,46.8074,-71.2181
G1S,Quebec City South,Quebec,QC,46.7933,-71.2453
G1T,Quebec City Upper Riverbank,Quebec,QC,46.7741,-71.2609
G2C,Quebec City Northwest,Quebec,QC,46.8287,-71.334
G2E,L'Ancienne-Lorette Northeast,Quebec,QC,46.8083,-71.3605
G2J,Quebec City Inner North,Quebec,QC,46.8399,-71.2781
G2K,Quebec City Outer North,Quebec,QC,46.8545,-71.3044
G3B,Lac-Beauport,Quebec,QC,46.9833,-71.2906
G3C,Stoneham-et-Tewkesbury,Quebec,QC,47.1691,-71.4332
G3H,Pont-Rouge,Quebec,QC,46.7547,-71.6957
G3M,Donnacona,Quebec,QC,46.6804,-71.7239
G3N,Sainte-Catherine-de-la-Jacques-Cartier,Quebec,QC,46.8524,-71.6206
G3Z,Baie-Saint-Paul,Quebec,QC,47.4411,-70.4986
G4A,Clermont,Quebec,QC,47.7184,-70.2276
G5A,La Malbaie,Quebec,QC,47.6575,-70.1559
G0X,Mauricie (Parent),Quebec,QC,47.9168,-74.6159
G9X,La Tuque,Quebec,QC,47.4334,-72.7824
J5V,Louiseville,Quebec,QC,46.2559,-72.9415
J0B,Estrie-Est (Stanstead),Quebec,QC,45.1001,-72.0491
J1S,Windsor,Quebec,QC,45.5668,-71.9991
J1T,Asbestos,Quebec,QC,45.7668,-71.9324
J1X,Magog,Quebec,QC,45.2668,-72.1491
H1B,Montreal East,Quebec,QC,45.632,-73.5075
H1G,Montreal North North,Quebec,QC,45.6109,-73.6211
H1H,Montreal North South,Quebec,QC,45.5899,-73.6389
H2Y,Old Montreal,Quebec,QC,45.5057,-73.555
H2Z,Downtown Montreal Northeast,Quebec,QC,45.5052,-73.5622
H3A,Downtown Montreal North,Quebec,QC,45.504,-73.5747
H3B,Downtown Montreal East,Quebec,QC,45.5005,-73.5684
H3G,Downtown Montreal Southeast,Quebec,QC,45.4987,-73.5793
H3H,Downtown Montreal South & West,Quebec,QC,45.5009,-73.5877
H3X,Hampstead,Quebec,QC,45.4819,-73.6421
H3Y,Westmount West,Quebec,QC,45.4876,-73.6045
H3Z,Westmount East,Quebec,QC,45.4825,-73.5933
H4W,C̫te-Saint-Luc West,Quebec,QC,45.47,-73.6686
H4X,Montreal West,Quebec,QC,45.4529,-73.6492
H9J,Kirkland,Quebec,QC,45.4501,-73.8659
H9P,Dorval Outskirts,Quebec,QC,45.4679,-73.7748
H9R,Pointe-Claire,Quebec,QC,45.4487,-73.8167
H9W,Beaconsfield,Quebec,QC,45.4334,-73.8659
J0X,Outaouais-Sud (Thurso),Quebec,QC,46.307,-76.7653
J8N,Val-des-Monts,Quebec,QC,45.6501,-75.666
J9B,Chelsea,Quebec,QC,45.5001,-75.7827
J9E,Maniwaki,Quebec,QC,46.3834,-75.966
J0Z,Abitibi-T̩miscamingue-Ouest (Guigues),Quebec,QC,47.8626,-78.824
J9P,Val-d'Or,Quebec,QC,48.1002,-77.7828
J9T,Amos,Quebec,QC,48.5669,-78.1162
J9V,Ville-Marie,Quebec,QC,47.3334,-79.433
J9Z,La Sarre,Quebec,QC,48.8002,-79.1996
G0G,C̫te-Nord/Anticosti (Schefferville),Quebec,QC,53.0413,-68.6884
G4S,Sept-Ì_les Northwest,Quebec,QC,50.2713,-66.3751
G5B,Port-Cartier,Quebec,QC,50.0334,-66.8655
G8P,Chibougamau,Quebec,QC,49.9168,-74.3659
G4X,Gasp̩,Quebec,QC,48.8334,-64.4819
G5V,Montmagny,Quebec,QC,46.9804,-70.5549
G5X,Beauceville,Quebec,QC,46.2179,-70.7787
G5Y,Saint-Georges Central,Quebec,QC,46.1326,-70.6375
G5Z,Saint-Georges Southeast,Quebec,QC,46.0642,-70.7118
G6A,Saint-Georges Northwest,Quebec,QC,46.1437,-70.6817
G6E,Sainte-Marie,Quebec,QC,46.434,-71.0117
G6G,Thetford Mines,Quebec,QC,46.0937,-71.3054
G6V,L̩vis North,Quebec,QC,46.8033,-71.1779
G6W,L̩vis South,Quebec,QC,46.7546,-71.22
G6Y,L̩vis,Quebec,QC,46.8033,-71.1779
H7N,Laval-des-Rapides,Quebec,QC,45.5501,-73.6992
H7R,Laval-sur-le-Lac,Quebec,QC,45.5526,-73.8507
J0K,Lanaudi̬re-Nord (Saint-Esprit),Quebec,QC,46.7966,-73.8705
J5M,Saint-Lin-Laurentides,Quebec,QC,45.8501,-73.7659
J5T,Lavaltrie,Quebec,QC,45.8834,-73.2825
J5X,L'Ìäpiphanie,Quebec,QC,45.8501,-73.4825
J5Y,Repentigny Northeast,Quebec,QC,45.7774,-73.4252
J5Z,Repentigny West,Quebec,QC,45.7643,-73.5036
J6A,Repentigny South,Quebec,QC,45.7395,-73.4588
J6V,Terrebonne East,Quebec,QC,45.714,-73.5357
J6W,Terrebonne Central,Quebec,QC,45.7064,-73.6178
J6X,Terrebonne Northwest,Quebec,QC,45.7275,-73.7062
J6Y,Terrebonne Southwest,Quebec,QC,45.7,-73.752
J7K,Mascouche Extremities,Quebec,QC,45.77,-73.6049
J7L,Mascouche Central,Quebec,QC,45.7424,-73.6509
J0T,Laurentides-Nord (Montcalm),Quebec,QC,46.3002,-74.5855
J5K,Saint-Colomban,Quebec,QC,45.7334,-74.1325
J5L,Saint-J̩r̫me West,Quebec,QC,45.7987,-74.0727
J7E,Sainte-Th̩r̬se-de-Blainville Central,Quebec,QC,45.6442,-73.8448
J7P,Saint-Eustache Northeast,Quebec,QC,45.5779,-73.8809
J7R,Saint-Eustache Southwest,Quebec,QC,45.574,-73.94
J7Y,Saint-J̩r̫me North,Quebec,QC,45.8058,-74.0165
J7Z,Saint-J̩r̫me Southeast,Quebec,QC,45.7788,-73.9829
J8A,Saint-Hippolyte,Quebec,QC,45.9334,-74.0159
J8B,Sainte-Ad̬le,Quebec,QC,45.9501,-74.1325
J8E,Mont-Tremblant,Quebec,QC,46.1949,-74.6264
J8H,Lachute,Quebec,QC,45.6501,-74.3325
J9L,Mont-Laurier,Quebec,QC,46.5501,-75.4993
J0J,Mont̩r̩gie-Est (Bedford),Quebec,QC,45.1529,-73.1636
J0L,Mont̩r̩gie-Nord (Saint-Antoine-Sur-Richelieu),Quebec,QC,45.1956,-73.5695
J0S,Mont̩r̩gie-Ouest (Saint-Anicet),Quebec,QC,45.1082,-74.0451
J2G,Granby Central,Quebec,QC,45.4046,-72.7202
J2H,Granby East,Quebec,QC,45.3938,-72.7005
J2J,Granby West,Quebec,QC,45.4005,-72.7825
J2K,Cowansville,Quebec,QC,45.2001,-72.7491
J2L,Bromont,Quebec,QC,45.3168,-72.6491
J2M,Shefford,Quebec,QC,45.3501,-72.5658
J2N,Farnham,Quebec,QC,45.2834,-72.9824
J2R,Saint-Hyacinthe Northwest,Quebec,QC,45.6567,-72.9237
J2S,Saint-Hyacinthe Southwest,Quebec,QC,45.6139,-72.9912
J2T,Saint-Hyacinthe East,Quebec,QC,45.5971,-72.9366
J2X,Saint-Jean-sur-Richelieu East,Quebec,QC,45.309,-73.219
J2Y,Saint-Jean-sur-Richelieu West,Quebec,QC,45.3114,-73.3556
J3A,Saint-Jean-sur-Richelieu North,Quebec,QC,45.3339,-73.2744
J3B,Saint-Jean-sur-Richelieu Central,Quebec,QC,45.2832,-73.2792
J3E,Sainte-Julie,Quebec,QC,45.5834,-73.3325
J3G,Beloeil West,Quebec,QC,45.5946,-73.2283
J3L,Chambly,Quebec,QC,45.4501,-73.2825
J3M,Marieville,Quebec,QC,45.4334,-73.1659
J3X,Varennes,Quebec,QC,45.6834,-73.4325
J4B,Boucherville,Quebec,QC,45.591,-73.4361
J4P,Saint-Lambert North,Quebec,QC,45.5073,-73.5082
J4R,Saint-Lambert Central,Quebec,QC,45.4924,-73.5009
J4S,Saint-Lambert South,Quebec,QC,45.481,-73.497
J4W,Brossard Northwest,Quebec,QC,45.4674,-73.4832
J4X,Brossard Southwest,Quebec,QC,45.4455,-73.4841
J4Y,Brossard South,Quebec,QC,45.4414,-73.4561
J4Z,Brossard Northeast,Quebec,QC,45.4424,-73.4231
J5A,Saint-Constant,Quebec,QC,45.3668,-73.5659
J5B,Delson,Quebec,QC,45.3668,-73.5492
J5C,Sainte-Catherine,Quebec,QC,45.4001,-73.5825
J5R,La Prairie,Quebec,QC,45.4168,-73.4992
J6J,Ch̢teauguay North,Quebec,QC,45.3691,-73.7216
J6K,Ch̢teauguay South,Quebec,QC,45.3526,-73.7305
J6N,Beauharnois,Quebec,QC,45.3168,-73.8659
J6R,Mercier,Quebec,QC,45.3168,-73.7492
J6S,Salaberry-de-Valleyfield North,Quebec,QC,45.2702,-74.0482
J6T,Salaberry-de-Valleyfield South,Quebec,QC,45.2409,-74.1098
J7V,Vaudreuil-Dorion,Quebec,QC,45.4001,-74.0325
G0P,Centre-du-Qu̩bec-Est (Saint-Val̬re),Quebec,QC,46.0119,-71.7199
G0Z,Centre-du-Qu̩bec-Nord (Daveluyville),Quebec,QC,46.179,-72.1569
G6L,Plessisville,Quebec,QC,46.2186,-71.762
G6P,Victoriaville Central,Quebec,QC,46.0529,-71.9477
G6T,Victoriaville Northwest,Quebec,QC,46.0828,-71.9728
J0A,Centre-du-Qu̩bec-Sud (Warwick),Quebec,QC,45.8382,-71.9542
J0C,Centre-du-Qu̩bec-Ouest (Saint-Bonaventure),Quebec,QC,45.8567,-72.6966
J2A,Drummondville Southeast,Quebec,QC,45.8152,-72.4027
J2C,Drummondville Central,Quebec,QC,45.8893,-72.5055
J2E,Drummondville Northwest,Quebec,QC,45.9099,-72.5289
J3T,Nicolet,Quebec,QC,46.2168,-72.6158
G0B,Cap-aux-Meules,Quebec,QC,47.4501,-72.9913
G0C,Gasp̩sie-Sud (New Richmond),Quebec,QC,48.3429,-65.5961
G0E,Gasp̩sie-Nord (Grande-Vall̩e),Quebec,QC,48.9182,-65.3736
G0H,Manicouagan (Baie-Trinit̩),Quebec,QC,49.3795,-67.8948
G0J,Gasp̩sie-Ouest (Causapscal),Quebec,QC,48.5246,-67.0565
G0K,Bas-St-Laurent-Est (Sainte-Luce),Quebec,QC,48.159,-68.1951
G0L,Bas-St-Laurent-Ouest (Trois-Pistoles),Quebec,QC,47.7136,-69.1658
G0M,R̩gion de Beauce (Saint-Prosper-De-Dorchester),Quebec,QC,45.9718,-70.6565
G0N,Chaudi̬re-Sud (Disraeli),Quebec,QC,46.0988,-71.1248
G0R,Appalaches (La Pocati̬re),Quebec,QC,46.798,-70.3288
G0S,Chaudi̬re-Nord (Saint-Joseph-De-Beauce),Quebec,QC,46.4526,-71.4397
G0T,Le Fjord (Forestville),Quebec,QC,49.0143,-69.6231
G0V,Saguenay-Lac-St-Jean (Alouette),Quebec,QC,50.1719,-70.6283
G0W,R̩gion de Mistassini (Chambord),Quebec,QC,49.834,-72.2623
G0Y,L'Erable (Nantes),Quebec,QC,45.6242,-71.0191
G1B,Beauport North,Quebec,QC,46.9263,-71.2258
G1C,Beauport Central,Quebec,QC,46.8801,-71.196
G1E,Beauport South,Quebec,QC,46.8588,-71.192
G1G,Jean-Talon Southeast,Quebec,QC,46.8765,-71.2839
G1H,Charlesbourg South,Quebec,QC,46.8528,-71.2573
G1V,Sainte-Foy Northeast,Quebec,QC,46.7823,-71.2882
G1W,Sainte-Foy Southeast,Quebec,QC,46.7589,-71.298
G1X,Sainte-Foy West,Quebec,QC,46.7749,-71.3344
G1Y,Cap-Rouge,Quebec,QC,46.7507,-71.3562
G2A,Loretteville North,Quebec,QC,46.8751,-71.392
G2B,Loretteville South,Quebec,QC,46.8505,-71.3357
G2G,L'Ancienne-Lorette Southwest,Quebec,QC,46.7903,-71.4157
G2L,Charlesbourg North,Quebec,QC,46.8895,-71.2545
G2M,Jean-Talon Northeast,Quebec,QC,46.922,-71.3056
G2N,Jean-Talon West,Quebec,QC,46.9137,-71.3398
G3A,St-Augustin-De-Desmaures,Quebec,QC,46.7406,-71.4513
G3E,Saint-Ìämile,Quebec,QC,46.8779,-71.3408
G3G,Lac-Saint-Charles,Quebec,QC,46.9242,-71.3958
G3J,Val-B̩lair North,Quebec,QC,46.8603,-71.4752
G3K,Val-B̩lair South,Quebec,QC,46.8315,-71.4429
G3L,Saint-Raymond,Quebec,QC,47.2374,-71.8763
G4R,Sept-Ì_les Southeast,Quebec,QC,50.8558,-67.0511
G4T,Les Ì_les-De-La-Madeleine,Quebec,QC,47.3999,-61.7996
G4V,Sainte-Anne-Des-Monts,Quebec,QC,48.9711,-66.3082
G4Z,Baie-Comeau Northeast,Quebec,QC,51.0872,-68.632
G5C,Baie-Comeau Southwest,Quebec,QC,50.3474,-69.0411
G5T,Degelis,Quebec,QC,47.5473,-68.6431
G6B,Lac-Megantic,Quebec,QC,45.5834,-70.8823
G6C,Pintendre,Quebec,QC,46.7701,-71.0906
G6H,Black Lake,Quebec,QC,46.07,-71.4393
G6J,Saint-Etienne-De-Lauzon,Quebec,QC,46.6358,-71.3098
G6K,Saint-Redempteur,Quebec,QC,46.688,-71.3028
G6R,Victoriaville South,Quebec,QC,46.016,-71.9561
G6S,Victoriaville East,Quebec,QC,46.0264,-71.8719
G6X,Charny,Quebec,QC,46.7151,-71.2612
G6Z,Saint-Jean-Chrysostome,Quebec,QC,46.6901,-71.1849
G7A,Saint-Nicolas,Quebec,QC,46.6842,-71.3827
G7B,La Baie,Quebec,QC,48.3398,-70.8893
G7G,Chicoutimi North,Quebec,QC,48.445,-71.1025
G7H,Chicoutimi East,Quebec,QC,48.4187,-71.0417
G7J,Chicoutimi West,Quebec,QC,48.4175,-71.1031
G7K,Chicoutimi Southwest,Quebec,QC,48.3689,-71.1175
G7N,Laterri̬re,Quebec,QC,48.2007,-71.1426
G7S,Jonqui̬re Northeast,Quebec,QC,48.4294,-71.1774
G7T,Jonqui̬re Southeast,Quebec,QC,48.3975,-71.1527
G7X,Jonqui̬re Central,Quebec,QC,48.3199,-71.4149
G7Y,Jonqui̬re Southwest,Quebec,QC,48.3701,-71.2358
G7Z,Jonqui̬re Northwest,Quebec,QC,48.4381,-71.2642
G8A,Jonqui̬re West,Quebec,QC,48.4233,-71.3629
G8G,M̩tabetchouan-Lac-a-la-Croix,Quebec,QC,47.8076,-71.5907
G8T,Cap-de-la-Madeleine Central and southeast,Quebec,QC,46.3877,-72.5357
G8V,Cap-de-la-Madeleine Northeast,Quebec,QC,46.4098,-72.4908
G8W,Cap-de-la-Madeleine West,Quebec,QC,46.4176,-72.6372
G8Y,Trois-Rivi̬res Central,Quebec,QC,46.3668,-72.6168
G8Z,Trois-Rivi̬res Northeast,Quebec,QC,46.3458,-72.5716
G9A,Trois-Rivi̬res East,Quebec,QC,46.3695,-72.6789
G9B,Trois-Rivi̬res South,Quebec,QC,46.316,-72.6833
G9C,Trois-Rivi̬res West,Quebec,QC,46.3922,-72.6725
G9H,Becancour,Quebec,QC,46.3334,-72.4324
G9N,Shawinigan Central,Quebec,QC,46.5564,-72.7198
G9P,Shawinigan Southeast,Quebec,QC,46.5068,-72.7436
G9R,Shawinigan Northwest,Quebec,QC,46.6098,-72.8266
G9T,Grand-M̬re,Quebec,QC,46.6315,-72.737
H0H,Reserved (Santa Claus),Quebec,QC,90,0
H0M,Akwesasne Region (Akwesasne),Quebec,QC,45.6986,-73.5025
H1A,Pointe-Aux-Trembles,Quebec,QC,45.6753,-73.5016
H1C,Rivi̬re-des-Prairies Northeast,Quebec,QC,45.6656,-73.5367
H1E,Rivi̬re-Des-Prairies Southwest,Quebec,QC,45.6342,-73.5842
H1J,Anjou West,Quebec,QC,45.6097,-73.5794
H1K,Anjou East,Quebec,QC,45.6097,-73.5472
H1L,Mercier North,Quebec,QC,45.6043,-73.5178
H1M,Mercier West,Quebec,QC,45.5883,-73.5572
H1N,Mercier Southeast,Quebec,QC,45.5779,-73.5304
H1P,Saint-L̩onard North,Quebec,QC,45.5966,-73.5928
H1R,Saint-L̩onard West,Quebec,QC,45.5864,-73.6082
H1S,Saint-L̩onard Southeast,Quebec,QC,45.5808,-73.5825
H1T,Rosemont North,Quebec,QC,45.573,-73.5701
H1V,Maisonneuve,Quebec,QC,45.5585,-73.5386
H1W,Hochelaga,Quebec,QC,45.5442,-73.5468
H1X,Rosemont Central,Quebec,QC,45.5583,-73.5701
H1Y,Rosemont South,Quebec,QC,45.5486,-73.5788
H1Z,Saint-Michel West,Quebec,QC,45.5694,-73.6221
H2A,Saint-Michel East,Quebec,QC,45.5618,-73.599
H2B,Ahuntsic North,Quebec,QC,45.5741,-73.6507
H2C,Ahuntsic Central,Quebec,QC,45.5606,-73.6584
H2E,Villeray Northeast,Quebec,QC,45.5514,-73.6116
H2G,Petite-Patrie Northeast,Quebec,QC,45.5438,-73.5927
H2H,Plateau Mont-Royal North,Quebec,QC,45.5374,-73.5735
H2J,Plateau Mont-Royal North Central,Quebec,QC,45.5302,-73.5831
H2K,Centre-Sud North,Quebec,QC,45.5307,-73.5547
H2L,Centre-Sud South,Quebec,QC,45.5186,-73.5545
H2M,Ahuntsic East,Quebec,QC,45.5528,-73.6411
H2N,Ahuntsic Southeast,Quebec,QC,45.5394,-73.6513
H2P,Villeray West,Quebec,QC,45.5435,-73.6339
H2R,Villeray Southeast,Quebec,QC,45.5401,-73.6225
H2S,Petite-Patrie Southwest,Quebec,QC,45.5354,-73.6061
H2T,Plateau Mont-Royal West,Quebec,QC,45.5247,-73.5953
H2V,Outremont,Quebec,QC,45.5168,-73.6072
H2W,Plateau Mont-Royal South Central,Quebec,QC,45.5176,-73.5804
H2X,Plateau Mont-Royal Southeast,Quebec,QC,45.5115,-73.5683
H3C,Griffintown (Includes Ì_le Notre-Dame & Ì_le Sainte-HÌ©lÌ¬ne),Quebec,QC,45.498,-73.5472
H3E,L'Ì_le-Des-Soeurs,Quebec,QC,45.4594,-73.5501
H3J,Petite-Bourgogne,Quebec,QC,45.4861,-73.5732
H3K,Pointe-Saint-Charles,Quebec,QC,45.4805,-73.5554
H3L,Ahuntsic Southwest,Quebec,QC,45.5467,-73.6718
H3M,Cartierville Northeast,Quebec,QC,45.5383,-73.6932
H3N,Parc-Extension,Quebec,QC,45.5302,-73.6327
H3P,Mount Royal North,Quebec,QC,45.5217,-73.6393
H3R,Mount Royal Central,Quebec,QC,45.5101,-73.6478
H3S,C̫te-des-Neiges North,Quebec,QC,45.5063,-73.6297
H3T,C̫te-des-Neiges Northeast,Quebec,QC,45.5018,-73.6191
H3V,C̫te-des-Neiges East,Quebec,QC,45.499,-73.6089
H3W,C̫te-des-Neiges Southwest,Quebec,QC,45.4897,-73.6312
H4A,Notre-Dame-de-GrÌÓce Northeast,Quebec,QC,45.4717,-73.6149
H4B,Notre-Dame-de-GrÌÓce Southwest,Quebec,QC,45.4604,-73.6303
H4C,Saint-Henri,Quebec,QC,45.4737,-73.5882
H4E,Ville Ìämard,Quebec,QC,45.4546,-73.5985
H4G,Verdun North,Quebec,QC,45.4643,-73.5698
H4H,Verdun South,Quebec,QC,45.4459,-73.5815
H4J,Cartierville Central,Quebec,QC,45.5313,-73.7091
H4K,Cartierville Southwest,Quebec,QC,45.5171,-73.7363
H4L,Saint-Laurent Inner Northeast,Quebec,QC,45.517,-73.6831
H4M,Saint-Laurent East,Quebec,QC,45.4979,-73.6886
H4N,Saint-Laurent Outer Northeast,Quebec,QC,45.5263,-73.6649
H4P,Mount Royal South,Quebec,QC,45.4964,-73.6647
H4R,Saint-Laurent Central,Quebec,QC,45.5049,-73.7142
H4S,Saint-Laurent Southwest,Quebec,QC,45.4858,-73.7433
H4T,Saint-Laurent Southeast,Quebec,QC,45.4752,-73.6961
H4V,C̫te-Saint-Luc East,Quebec,QC,45.4671,-73.6487
H4Y,Dorval Central,Quebec,QC,45.8654,-72.7614
H4Z,Tour de la Bourse,Quebec,QC,45.5061,-73.5573
H5A,Place Bonaventure,Quebec,QC,45.4992,-73.5646
H5B,Place Desjardins,Quebec,QC,45.5066,-73.5623
H7A,Duvernay-Est,Quebec,QC,45.6739,-73.5924
H7B,Saint-FranÌ_ois,Quebec,QC,45.6757,-73.6388
H7C,Saint-Vincent-de-Paul,Quebec,QC,45.6168,-73.6492
H7E,Duvernay,Quebec,QC,45.6225,-73.6949
H7G,Pont-Viau,Quebec,QC,45.5771,-73.6873
H7H,Auteuil West,Quebec,QC,45.6409,-73.7542
H7J,Auteuil Northeast,Quebec,QC,45.6625,-73.7002
H7K,Auteuil South,Quebec,QC,45.6213,-73.7398
H7L,Sainte-Rose,Quebec,QC,45.6168,-73.7825
H7M,Vimont,Quebec,QC,45.5984,-73.7159
H7P,Fabreville,Quebec,QC,45.578,-73.8004
H7S,Chomedey Northeast,Quebec,QC,45.5793,-73.7367
H7T,Chomedey Northwest,Quebec,QC,45.5573,-73.7725
H7V,Chomedey East,Quebec,QC,45.5478,-73.7368
H7W,Chomedey South,Quebec,QC,45.5338,-73.7652
H7X,Sainte-Doroth̩e,Quebec,QC,45.5334,-73.8159
H7Y,Ì_les-Laval,Quebec,QC,45.5284,-73.8509
H8N,LaSalle Northwest,Quebec,QC,45.438,-73.6215
H8P,LaSalle Southeast,Quebec,QC,45.4011,-73.619
H8R,Saint-Pierre,Quebec,QC,45.3994,-73.6506
H8S,Lachine East,Quebec,QC,45.4402,-73.6747
H8T,Lachine West,Quebec,QC,45.4419,-73.7057
H8Y,Roxboro,Quebec,QC,45.5084,-73.8075
H8Z,Pierrefonds,Quebec,QC,45.5069,-73.8407
H9A,Dollard-Des-Ormeaux Northwest,Quebec,QC,45.4948,-73.8317
H9B,Dollard-Des-Ormeaux East,Quebec,QC,45.4897,-73.7958
H9C,L'Ì_le Bizard Northeast,Quebec,QC,45.5055,-73.8789
H9E,L'Ì_le-Bizard Southwest,Quebec,QC,45.4865,-73.9092
H9G,Dollard-Des-Ormeaux Southwest,Quebec,QC,45.4756,-73.8367
H9H,Sainte-Genevi̬ve,Quebec,QC,45.4683,-73.8565
H9K,Senneville,Quebec,QC,45.4577,-73.9162
H9S,L'Ì_le-Dorval,Quebec,QC,45.4414,-73.7749
H9X,Sainte-Anne-De-Bellevue,Quebec,QC,45.4062,-73.9456
J0E,Estrie-Ouest (Fulford),Quebec,QC,45.2831,-72.5244
J0G,Bois-Francs-Nord (Odanak),Quebec,QC,46.021,-72.8239
J0H,Bois-Francs-Sud (Saint-Nazaire-D'Acton),Quebec,QC,45.6609,-72.77
J0M,Nunavik (Kuujjuaq),Quebec,QC,58.3269,-72.1637
J0N,R̩gion d'Oka (Oka),Quebec,QC,45.5135,-74.0534
J0P,Vaudreuil-Soulanges (Coteau-du-Lac),Quebec,QC,45.3655,-74.312
J0R,Lanaudi̬re-Sud (Pr̩vost),Quebec,QC,45.866,-74.1785
J0V,Laurentides-Sud (Ch̩n̩ville),Quebec,QC,45.8265,-74.9318
J0W,Outaouais-Nord (Ferme-Neuve),Quebec,QC,47.0921,-75.7967
J0Y,Abitibi-T̩miscamingue-Est (Radisson),Quebec,QC,52.1046,-75.2807
J1A,Coaticook,Quebec,QC,45.1334,-71.7991
J1C,Bromptonville,Quebec,QC,45.4797,-71.9492
J1E,Sherbrooke Northeast,Quebec,QC,45.4231,-71.8723
J1G,Sherbrooke East,Quebec,QC,45.4024,-71.8479
J1H,Sherbrooke Central,Quebec,QC,45.3891,-71.8986
J1J,Sherbrooke North,Quebec,QC,45.4131,-71.9238
J1K,Sherbrooke West,Quebec,QC,45.3822,-71.9327
J1L,Sherbrooke Northwest,Quebec,QC,45.4113,-71.9586
J1M,Sherbrooke Southeast,Quebec,QC,45.3656,-71.842
J1N,Rock Forest,Quebec,QC,45.3395,-72.0128
J1R,Saint-Ìälie-d'Orford,Quebec,QC,45.3966,-72.0422
J1Z,Saint-Cyrille-De-Wendover,Quebec,QC,45.9334,-72.4324
J2B,Drummondville South,Quebec,QC,45.9061,-72.5929
J2W,Saint-Luc,Quebec,QC,45.3694,-73.3137
J3H,Beloeil East,Quebec,QC,45.5527,-73.1755
J3N,Saint-Basile-Le-Grand,Quebec,QC,45.5334,-73.2825
J3P,Sorel Central,Quebec,QC,46.0365,-73.0665
J3R,Sorel Southwest,Quebec,QC,46.0206,-73.1439
J3V,Saint-Bruno,Quebec,QC,45.532,-73.3437
J3Y,Saint-Hubert Central,Quebec,QC,45.4906,-73.3991
J3Z,Saint-Hubert East,Quebec,QC,45.4981,-73.4012
J4G,Longueuil North,Quebec,QC,45.5679,-73.4761
J4H,Longueuil West,Quebec,QC,45.5372,-73.5056
J4J,Longueuil Central,Quebec,QC,45.5362,-73.4721
J4K,Longueuil Southwest,Quebec,QC,45.5183,-73.5023
J4L,Longueuil Southeast,Quebec,QC,45.5181,-73.4576
J4M,Longueuil East,Quebec,QC,45.5418,-73.4382
J4N,Longueuil Northeast,Quebec,QC,45.5523,-73.4558
J4T,Saint-Hubert West,Quebec,QC,45.4973,-73.4676
J4V,Greenfield Park,Quebec,QC,45.4865,-73.4622
J5J,Saint-Sophie,Quebec,QC,45.8306,-73.9191
J5W,L'Assomption,Quebec,QC,45.8232,-73.4294
J6E,Joliette,Quebec,QC,46.0168,-73.4492
J6Z,Sainte-Th̩r̬se-de-Blainville Northeast,Quebec,QC,45.6694,-73.7752
J7A,Sainte-Th̩r̬se-de-Blainville East,Quebec,QC,45.6383,-73.7975
J7B,Sainte-Th̩r̬se-de-Blainville North,Quebec,QC,45.6602,-73.8157
J7C,Sainte-Th̩r̬se-de-Blainville Northwest,Quebec,QC,45.689,-73.8671
J7G,Sainte-Th̩r̬se-de-Blainville South,Quebec,QC,45.6095,-73.8378
J7H,Sainte-Th̩r̬se-de-Blainville Southwest,Quebec,QC,45.6209,-73.8728
J7J,Mirabel Northeast,Quebec,QC,45.7045,-73.9472
J7M,La Plaine,Quebec,QC,45.7888,-73.7442
J7N,Mirabel Southwest,Quebec,QC,45.6345,-74.1005
J7T,Vaudreuil-Dorion RCM,Quebec,QC,45.3702,-74.1249
J7W,Pincourt,Quebec,QC,45.3665,-73.9736
J7X,Valleyfield,Quebec,QC,45.2691,-74.2339
J8C,Sainte-Agathe-Des-Monts,Quebec,QC,46.0501,-74.2825
J8G,Chatham,Quebec,QC,45.6834,-74.4159
J8L,Buckingham,Quebec,QC,45.5856,-75.4208
J8M,Masson-Angers,Quebec,QC,45.5435,-75.4274
J8P,Gatineau Southeast,Quebec,QC,45.4869,-75.6157
J8R,Gatineau Northeast,Quebec,QC,45.5287,-75.6088
J8T,Gatineau Southwest,Quebec,QC,45.4776,-75.7059
J8V,Gatineau Northwest,Quebec,QC,45.5711,-75.7615
J8X,Hull Southeast,Quebec,QC,45.44,-75.7119
J8Y,Hull Central,Quebec,QC,45.448,-75.7434
J8Z,Hull North,Quebec,QC,45.4716,-75.7616
J9A,Hull Southwest,Quebec,QC,45.4279,-75.7711
J9H,Aylmer South,Quebec,QC,45.3932,-75.8288
J9J,Aylmer North,Quebec,QC,45.4394,-75.8465
J9X,Rouyn-Noranda South,Quebec,QC,48.2855,-78.8234
J9Y,Rouyn-Noranda North,Quebec,QC,48.1607,-79.0714
S0A,Yorkton Region (Melville),Saskatchewan,SK,51.4818,-102.9065
S0C,Southeastern Saskatchewan (Carlyle),Saskatchewan,SK,49.3961,-103.2567
S0E,Eastern Saskatchewan (Melfort),Saskatchewan,SK,53.1363,-103.0999
S0G,South Central Saskatchewan (Fort Qu'Appelle),Saskatchewan,SK,50.5767,-104.1
S0H,Southern Saskatchewan (Assiniboia),Saskatchewan,SK,49.9841,-106.249
S0J,Northern Saskatchewan (La Ronge),Saskatchewan,SK,57.1992,-105.8242
S0K,Central Saskatchewan (Humboldt),Saskatchewan,SK,52.3003,-107.9907
S0L,Western Saskatchewan (Kindersley),Saskatchewan,SK,51.4827,-108.4898
S0M,Northwestern Saskatchewan (Battleford),Saskatchewan,SK,54.9235,-108.9572
S0N,Southwestern Saskatchewan (Maple Creek),Saskatchewan,SK,49.9116,-108.7236
S0P,Northeastern Saskatchewan (Creighton),Saskatchewan,SK,55.0162,-102.7415
S2V,Buena Vista,Saskatchewan,SK,50.7834,-104.9511
S3N,Yorkton,Saskatchewan,SK,51.2167,-102.4677
S4A,Estevan,Saskatchewan,SK,49.1334,-102.9842
S4H,Weyburn,Saskatchewan,SK,49.6668,-103.8511
S4K,Rm Of Sherwood,Saskatchewan,SK,50.4501,-104.6178
S4L,Regina East,Saskatchewan,SK,50.4132,-104.2733
S4M,Regina,Saskatchewan,SK,50.4501,-104.6178
S4N,Regina Northeast and East Central,Saskatchewan,SK,50.4671,-104.541
S4P,Regina Central,Saskatchewan,SK,50.419,-104.6774
S4R,Regina North Central,Saskatchewan,SK,50.4855,-104.6163
S4S,Regina South Saskatchewan Provincial Government,Saskatchewan,SK,50.4153,-104.6103
S4T,Regina West,Saskatchewan,SK,50.4507,-104.665
S4V,Regina Southeast,Saskatchewan,SK,50.4251,-104.5389
S4W,Regina Southwest,Saskatchewan,SK,50.4078,-104.6536
S4X,Regina Northwest,Saskatchewan,SK,50.5061,-104.6752
S4Y,Regina Outer Northwest,Saskatchewan,SK,50.4768,-104.6986
S4Z,Regina Northeast,Saskatchewan,SK,50.4497,-104.5323
S6H,Moose Jaw Southeast,Saskatchewan,SK,50.3895,-105.5578
S6J,Moose Jaw Northeast,Saskatchewan,SK,50.4185,-105.5393
S6K,Moose Jaw West,Saskatchewan,SK,50.454,-105.6418
S6V,Prince Albert Central,Saskatchewan,SK,54.493,-104.3049
S6W,Prince Albert Southwest,Saskatchewan,SK,53.1785,-105.7741
S6X,Prince Albert East,Saskatchewan,SK,53.1936,-105.7025
S7H,Saskatoon East Central,Saskatchewan,SK,52.1168,-106.6345
S7J,Saskatoon South Central,Saskatchewan,SK,52.0961,-106.6252
S7K,Saskatoon North Central,Saskatchewan,SK,52.0111,-106.7955
S7L,Saskatoon West,Saskatchewan,SK,52.1564,-106.6873
S7M,Saskatoon Southwest,Saskatchewan,SK,52.1133,-106.7235
S7N,Saskatoon Northeast Central,Saskatchewan,SK,52.1404,-106.608
S7P,Saskatoon North,Saskatchewan,SK,52.2751,-106.5005
S7R,Saskatoon Northwest,Saskatchewan,SK,52.1588,-106.7163
S7S,Saskatoon Northeast,Saskatchewan,SK,52.1609,-106.5864
S7T,Saskatoon South,Saskatchewan,SK,52.0403,-106.6595
S7V,Saskatoon Southeast,Saskatchewan,SK,52.0976,-106.5553
S7W,Saskatoon,Saskatchewan,SK,52.157,-106.5614
S9A,North Battleford,Saskatchewan,SK,52.7834,-108.2847
S9H,Swift Current,Saskatchewan,SK,50.2834,-107.8013
S9V,Lloydminster,Saskatchewan,SK,53.2835,-110.0016
S9X,Meadow Lake,Saskatchewan,SK,54.1335,-108.4347
Y0A,Southeastern Yukon (Watson Lake),Yukon,YT,61.5793,-131.1481
Y0B,Central Yukon (Dawson City),Yukon,YT,64.645,-137.536
Y1A,Whitehorse,Yukon,YT,60.7161,-135.0537